{
  "families": [
    {
      "childRefs": [
        {
          "ref": "I2"
        },
        {
          "ref": "I4"
        },
        {
          "ref": "I5"
        }
      ],
      "husbandRefs": [
        {
          "ref": "I1"
        }
      ],
      "id": "F1",
      "chan": {
        "date": {
          "time": "18:13:43",
          "value": "22 OCT 2024"
        },
        "extensions": {
          "zone": "Asia/Tehran"
        }
      }
    },
    {
      "childRefs": [
        {
          "ref": "I1"
        }
      ],
      "husbandRefs": [
        {
          "ref": "I6"
        }
      ],
      "id": "F2",
      "chan": {
        "date": {
          "time": "18:13:52",
          "value": "22 OCT 2024"
        },
        "extensions": {
          "zone": "Asia/Tehran"
        }
      }
    }
  ],
  "head": {
    "charset": {
      "value": "UTF-8"
    },
    "date": {
      "time": "18:13:52",
      "value": "22 OCT 2024"
    },
    "file": "1.json",
    "gedc": {
      "form": "LINEAGE-LINKED",
      "vers": "5.5.1"
    },
    "lang": "English",
    "sour": {
      "name": "Family Gem",
      "value": "FAMILY_GEM",
      "vers": "0.8"
    }
  },
  "people": [
    {
      "famc": [
        {
          "ref": "F2"
        }
      ],
      "fams": [
        {
          "ref": "F1"
        }
      ],
      "id": "I1",
      "names": [
        {
          "value": "هللل //"
        }
      ],
      "chan": {
        "date": {
          "time": "18:13:52",
          "value": "22 OCT 2024"
        },
        "extensions": {
          "zone": "Asia/Tehran"
        }
      },
      "extensions": {
        "kin": 4
      }
    },
    {
      "famc": [
        {
          "ref": "F1"
        }
      ],
      "id": "I2",
      "names": [
        {
          "value": "للتنهل //"
        }
      ],
      "chan": {
        "date": {
          "time": "16:42:52",
          "value": "22 OCT 2024"
        },
        "extensions": {
          "zone": "Asia/Tehran"
        }
      },
      "extensions": {
        "kin": 1
      }
    },
    {
      "id": "I3",
      "names": [
        {
          "value": "Jnjkhjhkj //"
        }
      ],
      "chan": {
        "date": {
          "time": "18:12:20",
          "value": "22 OCT 2024"
        },
        "extensions": {
          "zone": "Asia/Tehran"
        }
      },
      "extensions": {
        "kin": 2
      }
    },
    {
      "famc": [
        {
          "ref": "F1"
        }
      ],
      "id": "I4",
      "names": [
        {
          "value": "قخفتتف /خبتفتفت/"
        }
      ],
      "chan": {
        "date": {
          "time": "18:13:17",
          "value": "22 OCT 2024"
        },
        "extensions": {
          "zone": "Asia/Tehran"
        }
      },
      "eventsFacts": [
        {
          "tag": "SEX",
          "value": "F"
        }
      ]
    },
    {
      "famc": [
        {
          "ref": "F1"
        }
      ],
      "id": "I5",
      "names": [
        {
          "value": "ررل //"
        }
      ],
      "chan": {
        "date": {
          "time": "18:13:43",
          "value": "22 OCT 2024"
        },
        "extensions": {
          "zone": "Asia/Tehran"
        }
      }
    },
    {
      "fams": [
        {
          "ref": "F2"
        }
      ],
      "id": "I6",
      "names": [
        {
          "value": "رللل //"
        }
      ],
      "chan": {
        "date": {
          "time": "18:13:52",
          "value": "22 OCT 2024"
        },
        "extensions": {
          "zone": "Asia/Tehran"
        }
      }
    }
  ]
}