{
  "families": [
    {
      "childRefs": [],
      "husbandRefs": [
        {
          "ref": "I1"
        },
        {
          "ref": "I2"
        }
      ],
      "id": "F1",
      "chan": {
        "date": {
          "time": "23:49:01",
          "value": "19 MAY 2025"
        },
        "extensions": {
          "zone": "Asia/Tehran"
        }
      }
    },
    {
      "childRefs": [
        {
          "ref": "I1"
        },
        {
          "ref": "I5"
        },
        {
          "ref": "I16"
        },
        {
          "ref": "I29"
        },
        {
          "ref": "I42"
        }
      ],
      "husbandRefs": [
        {
          "ref": "I4"
        }
      ],
      "id": "F2",
      "wifeRefs": [
        {
          "ref": "I24"
        }
      ],
      "chan": {
        "date": {
          "time": "17:01:23",
          "value": "14 APR 2025"
        },
        "extensions": {
          "zone": "Asia/Tehran"
        }
      }
    },
    {
      "childRefs": [
        {
          "ref": "I6"
        },
        {
          "ref": "I7"
        },
        {
          "ref": "I35"
        },
        {
          "ref": "I36"
        },
        {
          "ref": "I37"
        },
        {
          "ref": "I38"
        }
      ],
      "husbandRefs": [
        {
          "ref": "I5"
        }
      ],
      "id": "F3",
      "wifeRefs": [
        {
          "ref": "I50"
        }
      ],
      "chan": {
        "date": {
          "time": "19:47:25",
          "value": "14 APR 2025"
        },
        "extensions": {
          "zone": "Asia/Tehran"
        }
      }
    },
    {
      "childRefs": [
        {
          "ref": "I10"
        },
        {
          "ref": "I12"
        }
      ],
      "husbandRefs": [
        {
          "ref": "I7"
        }
      ],
      "id": "F4",
      "wifeRefs": [],
      "chan": {
        "date": {
          "time": "16:59:07",
          "value": "14 APR 2025"
        },
        "extensions": {
          "zone": "Asia/Tehran"
        }
      }
    },
    {
      "childRefs": [
        {
          "ref": "I11"
        }
      ],
      "husbandRefs": [
        {
          "ref": "I7"
        }
      ],
      "id": "F5",
      "wifeRefs": [],
      "chan": {
        "date": {
          "time": "16:58:26",
          "value": "14 APR 2025"
        },
        "extensions": {
          "zone": "Asia/Tehran"
        }
      }
    },
    {
      "childRefs": [
        {
          "ref": "I13"
        },
        {
          "ref": "I14"
        }
      ],
      "husbandRefs": [
        {
          "ref": "I6"
        }
      ],
      "id": "F6",
      "wifeRefs": [
        {
          "ref": "I15"
        }
      ],
      "chan": {
        "date": {
          "time": "11:54:52",
          "value": "14 APR 2025"
        },
        "extensions": {
          "zone": "Asia/Tehran"
        }
      }
    },
    {
      "childRefs": [
        {
          "ref": "I4"
        }
      ],
      "husbandRefs": [
        {
          "ref": "I47"
        }
      ],
      "id": "F9",
      "wifeRefs": [
        {
          "ref": "I19"
        }
      ],
      "chan": {
        "date": {
          "time": "17:34:29",
          "value": "14 APR 2025"
        },
        "extensions": {
          "zone": "Asia/Tehran"
        }
      }
    },
    {
      "childRefs": [
        {
          "ref": "I19"
        },
        {
          "ref": "I21"
        }
      ],
      "husbandRefs": [
        {
          "ref": "I20"
        },
        {
          "ref": "I70"
        }
      ],
      "id": "F10",
      "chan": {
        "date": {
          "time": "01:00:59",
          "value": "11 MAY 2025"
        },
        "extensions": {
          "zone": "Asia/Tehran"
        }
      }
    },
    {
      "childRefs": [
        {
          "ref": "I22"
        },
        {
          "ref": "I23"
        }
      ],
      "husbandRefs": [
        {
          "ref": "I21"
        }
      ],
      "id": "F11",
      "chan": {
        "date": {
          "time": "12:48:39",
          "value": "14 APR 2025"
        },
        "extensions": {
          "zone": "Asia/Tehran"
        }
      }
    },
    {
      "childRefs": [
        {
          "ref": "I24"
        },
        {
          "ref": "I25"
        },
        {
          "ref": "I18"
        }
      ],
      "husbandRefs": [
        {
          "ref": "I26"
        }
      ],
      "id": "F12",
      "chan": {
        "date": {
          "time": "12:54:22",
          "value": "14 APR 2025"
        },
        "extensions": {
          "zone": "Asia/Tehran"
        }
      }
    },
    {
      "childRefs": [
        {
          "ref": "I26"
        },
        {
          "ref": "I27"
        }
      ],
      "id": "F13",
      "chan": {
        "date": {
          "time": "12:53:32",
          "value": "14 APR 2025"
        },
        "extensions": {
          "zone": "Asia/Tehran"
        }
      }
    },
    {
      "childRefs": [
        {
          "ref": "I28"
        }
      ],
      "husbandRefs": [
        {
          "ref": "I18"
        }
      ],
      "id": "F14",
      "chan": {
        "date": {
          "time": "12:57:27",
          "value": "14 APR 2025"
        },
        "extensions": {
          "zone": "Asia/Tehran"
        }
      }
    },
    {
      "childRefs": [
        {
          "ref": "I45"
        }
      ],
      "husbandRefs": [
        {
          "ref": "I16"
        }
      ],
      "id": "F15",
      "wifeRefs": [
        {
          "ref": "I28"
        }
      ],
      "chan": {
        "date": {
          "time": "17:02:08",
          "value": "14 APR 2025"
        },
        "extensions": {
          "zone": "Asia/Tehran"
        }
      }
    },
    {
      "childRefs": [
        {
          "ref": "I31"
        },
        {
          "ref": "I32"
        },
        {
          "ref": "I33"
        }
      ],
      "husbandRefs": [
        {
          "ref": "I30"
        }
      ],
      "id": "F16",
      "wifeRefs": [
        {
          "ref": "I29"
        }
      ],
      "chan": {
        "date": {
          "time": "13:24:57",
          "value": "14 APR 2025"
        },
        "extensions": {
          "zone": "Asia/Tehran"
        }
      }
    },
    {
      "childRefs": [
        {
          "ref": "I34"
        }
      ],
      "husbandRefs": [
        {
          "ref": "I32"
        }
      ],
      "id": "F17",
      "chan": {
        "date": {
          "time": "13:26:58",
          "value": "14 APR 2025"
        },
        "extensions": {
          "zone": "Asia/Tehran"
        }
      }
    },
    {
      "childRefs": [
        {
          "ref": "I39"
        },
        {
          "ref": "I49"
        }
      ],
      "husbandRefs": [
        {
          "ref": "I48"
        }
      ],
      "id": "F18",
      "wifeRefs": [
        {
          "ref": "I38"
        }
      ],
      "chan": {
        "date": {
          "time": "19:46:49",
          "value": "14 APR 2025"
        },
        "extensions": {
          "zone": "Asia/Tehran"
        }
      }
    },
    {
      "childRefs": [
        {
          "ref": "I40"
        },
        {
          "ref": "I41"
        }
      ],
      "husbandRefs": [
        {
          "ref": "I35"
        }
      ],
      "id": "F19",
      "wifeRefs": [
        {
          "ref": "I46"
        }
      ],
      "chan": {
        "date": {
          "time": "17:19:15",
          "value": "14 APR 2025"
        },
        "extensions": {
          "zone": "Asia/Tehran"
        }
      }
    },
    {
      "childRefs": [
        {
          "ref": "I44"
        }
      ],
      "husbandRefs": [
        {
          "ref": "I43"
        }
      ],
      "id": "F20",
      "wifeRefs": [
        {
          "ref": "I42"
        }
      ],
      "chan": {
        "date": {
          "time": "17:01:52",
          "value": "14 APR 2025"
        },
        "extensions": {
          "zone": "Asia/Tehran"
        }
      }
    },
    {
      "childRefs": [
        {
          "ref": "I50"
        },
        {
          "ref": "I51"
        },
        {
          "ref": "I55"
        },
        {
          "ref": "I56"
        },
        {
          "ref": "I57"
        },
        {
          "ref": "I63"
        }
      ],
      "husbandRefs": [
        {
          "ref": "I53"
        }
      ],
      "id": "F21",
      "wifeRefs": [
        {
          "ref": "I52"
        }
      ],
      "chan": {
        "date": {
          "time": "20:39:18",
          "value": "7 MAY 2025"
        },
        "extensions": {
          "zone": "Asia/Tehran"
        }
      }
    },
    {
      "childRefs": [
        {
          "ref": "I53"
        },
        {
          "ref": "I58"
        },
        {
          "ref": "I59"
        }
      ],
      "husbandRefs": [
        {
          "ref": "I85"
        }
      ],
      "id": "F22",
      "chan": {
        "date": {
          "time": "07:44:11",
          "value": "21 MAY 2025"
        },
        "extensions": {
          "zone": "Asia/Tehran"
        }
      }
    },
    {
      "childRefs": [
        {
          "ref": "I46"
        },
        {
          "ref": "I62"
        }
      ],
      "husbandRefs": [
        {
          "ref": "I64"
        }
      ],
      "id": "F24",
      "wifeRefs": [
        {
          "ref": "I63"
        }
      ],
      "chan": {
        "date": {
          "time": "20:36:08",
          "value": "7 MAY 2025"
        },
        "extensions": {
          "zone": "Asia/Tehran"
        }
      }
    },
    {
      "childRefs": [
        {
          "ref": "I15"
        },
        {
          "ref": "I65"
        },
        {
          "ref": "I66"
        },
        {
          "ref": "I69"
        },
        {
          "ref": "I104"
        }
      ],
      "husbandRefs": [
        {
          "ref": "I67"
        },
        {
          "ref": "I68"
        }
      ],
      "id": "F25",
      "chan": {
        "date": {
          "time": "18:01:46",
          "value": "21 MAY 2025"
        },
        "extensions": {
          "zone": "Asia/Tehran"
        }
      }
    },
    {
      "childRefs": [
        {
          "ref": "I72"
        },
        {
          "ref": "I74"
        },
        {
          "ref": "I75"
        }
      ],
      "husbandRefs": [
        {
          "ref": "I1"
        },
        {
          "ref": "I71"
        }
      ],
      "id": "F26",
      "chan": {
        "date": {
          "time": "07:27:04",
          "value": "21 MAY 2025"
        },
        "extensions": {
          "zone": "Asia/Tehran"
        }
      }
    },
    {
      "childRefs": [
        {
          "ref": "I73"
        }
      ],
      "husbandRefs": [
        {
          "ref": "I72"
        }
      ],
      "id": "F27",
      "chan": {
        "date": {
          "time": "23:50:16",
          "value": "19 MAY 2025"
        },
        "extensions": {
          "zone": "Asia/Tehran"
        }
      }
    },
    {
      "childRefs": [
        {
          "ref": "I77"
        }
      ],
      "husbandRefs": [
        {
          "ref": "I76"
        }
      ],
      "id": "F28",
      "wifeRefs": [
        {
          "ref": "I56"
        }
      ],
      "chan": {
        "date": {
          "time": "07:30:10",
          "value": "21 MAY 2025"
        },
        "extensions": {
          "zone": "Asia/Tehran"
        }
      }
    },
    {
      "husbandRefs": [
        {
          "ref": "I57"
        }
      ],
      "id": "F29",
      "wifeRefs": [
        {
          "ref": "I78"
        }
      ],
      "chan": {
        "date": {
          "time": "07:30:30",
          "value": "21 MAY 2025"
        },
        "extensions": {
          "zone": "Asia/Tehran"
        }
      }
    },
    {
      "childRefs": [
        {
          "ref": "I78"
        },
        {
          "ref": "I79"
        },
        {
          "ref": "I81"
        },
        {
          "ref": "I82"
        },
        {
          "ref": "I83"
        },
        {
          "ref": "I84"
        }
      ],
      "husbandRefs": [
        {
          "ref": "I58"
        }
      ],
      "id": "F30",
      "chan": {
        "date": {
          "time": "07:37:34",
          "value": "21 MAY 2025"
        },
        "extensions": {
          "zone": "Asia/Tehran"
        }
      }
    },
    {
      "childRefs": [
        {
          "ref": "I85"
        }
      ],
      "husbandRefs": [
        {
          "ref": "I86"
        }
      ],
      "id": "F31",
      "chan": {
        "date": {
          "time": "07:46:19",
          "value": "21 MAY 2025"
        },
        "extensions": {
          "zone": "Asia/Tehran"
        }
      }
    },
    {
      "childRefs": [
        {
          "ref": "I100"
        },
        {
          "ref": "I101"
        },
        {
          "ref": "I102"
        },
        {
          "ref": "I103"
        }
      ],
      "husbandRefs": [
        {
          "ref": "I87"
        }
      ],
      "id": "F32",
      "wifeRefs": [
        {
          "ref": "I65"
        }
      ],
      "chan": {
        "date": {
          "time": "18:00:46",
          "value": "21 MAY 2025"
        },
        "extensions": {
          "zone": "Asia/Tehran"
        }
      }
    },
    {
      "childRefs": [
        {
          "ref": "I89"
        },
        {
          "ref": "I91"
        }
      ],
      "husbandRefs": [
        {
          "ref": "I66"
        }
      ],
      "id": "F33",
      "wifeRefs": [
        {
          "ref": "I88"
        }
      ],
      "chan": {
        "date": {
          "time": "17:55:21",
          "value": "21 MAY 2025"
        },
        "extensions": {
          "zone": "Asia/Tehran"
        }
      }
    },
    {
      "childRefs": [
        {
          "ref": "I93"
        },
        {
          "ref": "I94"
        }
      ],
      "husbandRefs": [
        {
          "ref": "I89"
        }
      ],
      "id": "F34",
      "wifeRefs": [
        {
          "ref": "I90"
        }
      ],
      "chan": {
        "date": {
          "time": "17:56:08",
          "value": "21 MAY 2025"
        },
        "extensions": {
          "zone": "Asia/Tehran"
        }
      }
    },
    {
      "husbandRefs": [
        {
          "ref": "I91"
        }
      ],
      "id": "F35",
      "wifeRefs": [
        {
          "ref": "I92"
        }
      ],
      "chan": {
        "date": {
          "time": "17:55:40",
          "value": "21 MAY 2025"
        },
        "extensions": {
          "zone": "Asia/Tehran"
        }
      }
    },
    {
      "childRefs": [
        {
          "ref": "I96"
        },
        {
          "ref": "I97"
        }
      ],
      "husbandRefs": [
        {
          "ref": "I69"
        }
      ],
      "id": "F36",
      "wifeRefs": [
        {
          "ref": "I95"
        }
      ],
      "chan": {
        "date": {
          "time": "17:57:44",
          "value": "21 MAY 2025"
        },
        "extensions": {
          "zone": "Asia/Tehran"
        }
      }
    },
    {
      "childRefs": [
        {
          "ref": "I99"
        }
      ],
      "husbandRefs": [
        {
          "ref": "I69"
        },
        {
          "ref": "I98"
        }
      ],
      "id": "F37",
      "chan": {
        "date": {
          "time": "17:59:35",
          "value": "21 MAY 2025"
        },
        "extensions": {
          "zone": "Asia/Tehran"
        }
      }
    },
    {
      "childRefs": [
        {
          "ref": "I106"
        },
        {
          "ref": "I107"
        }
      ],
      "husbandRefs": [
        {
          "ref": "I105"
        }
      ],
      "id": "F38",
      "wifeRefs": [
        {
          "ref": "I104"
        }
      ],
      "chan": {
        "date": {
          "time": "18:02:29",
          "value": "21 MAY 2025"
        },
        "extensions": {
          "zone": "Asia/Tehran"
        }
      }
    },
    {
      "childRefs": [
        {
          "ref": "I68"
        }
      ],
      "husbandRefs": [
        {
          "ref": "I108"
        }
      ],
      "id": "F39",
      "wifeRefs": [
        {
          "ref": "I109"
        }
      ],
      "chan": {
        "date": {
          "time": "18:03:40",
          "value": "21 MAY 2025"
        },
        "extensions": {
          "zone": "Asia/Tehran"
        }
      }
    },
    {
      "childRefs": [
        {
          "ref": "I67"
        },
        {
          "ref": "I111"
        },
        {
          "ref": "I112"
        },
        {
          "ref": "I113"
        },
        {
          "ref": "I114"
        },
        {
          "ref": "I115"
        }
      ],
      "husbandRefs": [
        {
          "ref": "I110"
        }
      ],
      "id": "F40",
      "chan": {
        "date": {
          "time": "18:05:55",
          "value": "21 MAY 2025"
        },
        "extensions": {
          "zone": "Asia/Tehran"
        }
      }
    },
    {
      "childRefs": [
        {
          "ref": "I117"
        },
        {
          "ref": "I118"
        },
        {
          "ref": "I119"
        },
        {
          "ref": "I120"
        }
      ],
      "husbandRefs": [
        {
          "ref": "I111"
        }
      ],
      "id": "F41",
      "wifeRefs": [
        {
          "ref": "I116"
        }
      ],
      "chan": {
        "date": {
          "time": "18:07:40",
          "value": "21 MAY 2025"
        },
        "extensions": {
          "zone": "Asia/Tehran"
        }
      }
    },
    {
      "childRefs": [
        {
          "ref": "I121"
        },
        {
          "ref": "I122"
        },
        {
          "ref": "I123"
        },
        {
          "ref": "I124"
        },
        {
          "ref": "I125"
        }
      ],
      "husbandRefs": [
        {
          "ref": "I112"
        }
      ],
      "id": "F42",
      "chan": {
        "date": {
          "time": "18:09:36",
          "value": "21 MAY 2025"
        },
        "extensions": {
          "zone": "Asia/Tehran"
        }
      }
    },
    {
      "childRefs": [
        {
          "ref": "I127"
        }
      ],
      "husbandRefs": [
        {
          "ref": "I113"
        }
      ],
      "id": "F43",
      "wifeRefs": [
        {
          "ref": "I126"
        }
      ],
      "chan": {
        "date": {
          "time": "18:10:24",
          "value": "21 MAY 2025"
        },
        "extensions": {
          "zone": "Asia/Tehran"
        }
      }
    },
    {
      "childRefs": [
        {
          "ref": "I128"
        },
        {
          "ref": "I131"
        }
      ],
      "husbandRefs": [
        {
          "ref": "I129"
        }
      ],
      "id": "F44",
      "wifeRefs": [
        {
          "ref": "I114"
        }
      ],
      "chan": {
        "date": {
          "time": "18:12:10",
          "value": "21 MAY 2025"
        },
        "extensions": {
          "zone": "Asia/Tehran"
        }
      }
    },
    {
      "husbandRefs": [
        {
          "ref": "I130"
        }
      ],
      "id": "F45",
      "wifeRefs": [
        {
          "ref": "I115"
        }
      ],
      "chan": {
        "date": {
          "time": "18:11:55",
          "value": "21 MAY 2025"
        },
        "extensions": {
          "zone": "Asia/Tehran"
        }
      }
    }
  ],
  "head": {
    "charset": {
      "value": "UTF-8"
    },
    "date": {
      "time": "18:12:45",
      "value": "21 MAY 2025"
    },
    "file": "1.json",
    "gedc": {
      "form": "LINEAGE-LINKED",
      "vers": "5.5.1"
    },
    "lang": "Persian",
    "sour": {
      "name": "Family Gem",
      "value": "FAMILY_GEM",
      "vers": "0.8"
    }
  },
  "people": [
    {
      "famc": [
        {
          "ref": "F2"
        }
      ],
      "fams": [
        {
          "ref": "F1"
        },
        {
          "ref": "F26"
        }
      ],
      "id": "I1",
      "names": [
        {
          "value": "حسن /حسینی نژاد/"
        }
      ],
      "chan": {
        "date": {
          "time": "23:49:37",
          "value": "19 MAY 2025"
        },
        "extensions": {
          "zone": "Asia/Tehran"
        }
      },
      "eventsFacts": [
        {
          "tag": "SEX",
          "value": "M"
        },
        {
          "tag": "DEAT",
          "value": "Y"
        }
      ],
      "notes": [
        {
          "sourceCitationsUnderValue": false,
          "value": "تتبتبابتبتز"
        }
      ],
      "extensions": {
        "kin": 7
      }
    },
    {
      "fams": [
        {
          "ref": "F1"
        }
      ],
      "id": "I2",
      "names": [
        {
          "value": "خاتون /عرب زاده/"
        }
      ],
      "chan": {
        "date": {
          "time": "11:48:17",
          "value": "14 APR 2025"
        },
        "extensions": {
          "zone": "Asia/Tehran"
        }
      },
      "extensions": {
        "kin": 3
      }
    },
    {
      "famc": [
        {
          "ref": "F9"
        }
      ],
      "fams": [
        {
          "ref": "F2"
        }
      ],
      "id": "I4",
      "names": [
        {
          "value": "عبدالله /حسینی نژاد/"
        }
      ],
      "chan": {
        "date": {
          "time": "12:44:50",
          "value": "14 APR 2025"
        },
        "extensions": {
          "zone": "Asia/Tehran"
        }
      },
      "eventsFacts": [
        {
          "tag": "SEX",
          "value": "M"
        },
        {
          "tag": "DEAT",
          "value": "Y"
        }
      ],
      "notes": [
        {
          "sourceCitationsUnderValue": false,
          "value": "خدا رحمتت کنه"
        }
      ],
      "extensions": {
        "kin": 8
      }
    },
    {
      "famc": [
        {
          "ref": "F2"
        }
      ],
      "fams": [
        {
          "ref": "F3"
        }
      ],
      "id": "I5",
      "names": [
        {
          "value": "حاج غلامحسین /حسینی نژاد/"
        }
      ],
      "chan": {
        "date": {
          "time": "11:51:36",
          "value": "14 APR 2025"
        },
        "extensions": {
          "zone": "Asia/Tehran"
        }
      },
      "eventsFacts": [
        {
          "tag": "SEX",
          "value": "M"
        },
        {
          "tag": "DEAT",
          "value": "Y"
        }
      ],
      "extensions": {
        "kin": 12
      }
    },
    {
      "famc": [
        {
          "ref": "F3"
        }
      ],
      "fams": [
        {
          "ref": "F6"
        }
      ],
      "id": "I6",
      "names": [
        {
          "value": "علی /حسینی نژاد/"
        }
      ],
      "chan": {
        "date": {
          "time": "11:54:29",
          "value": "14 APR 2025"
        },
        "extensions": {
          "zone": "Asia/Tehran"
        }
      },
      "eventsFacts": [
        {
          "tag": "SEX",
          "value": "M"
        }
      ],
      "extensions": {
        "kin": 5
      }
    },
    {
      "famc": [
        {
          "ref": "F3"
        }
      ],
      "fams": [
        {
          "ref": "F4"
        },
        {
          "ref": "F5"
        }
      ],
      "id": "I7",
      "names": [
        {
          "value": "محمد /حسینی نژاد/"
        }
      ],
      "chan": {
        "date": {
          "time": "09:24:18",
          "value": "9 MAY 2025"
        },
        "extensions": {
          "zone": "Asia/Tehran"
        }
      },
      "eventsFacts": [
        {
          "tag": "SEX",
          "value": "M"
        },
        {
          "date": "۱ DEC ۱۰۰",
          "place": "بوشهر",
          "tag": "BIRT"
        }
      ],
      "extensions": {
        "kin": 9
      }
    },
    {
      "famc": [
        {
          "ref": "F4"
        }
      ],
      "id": "I10",
      "names": [
        {
          "value": "الهه /حسینی نژاد/"
        }
      ],
      "chan": {
        "date": {
          "time": "11:53:09",
          "value": "14 APR 2025"
        },
        "extensions": {
          "zone": "Asia/Tehran"
        }
      },
      "eventsFacts": [
        {
          "tag": "SEX",
          "value": "F"
        }
      ]
    },
    {
      "famc": [
        {
          "ref": "F5"
        }
      ],
      "id": "I11",
      "names": [
        {
          "value": "بنیامین /حسینی نژاد/"
        }
      ],
      "chan": {
        "date": {
          "time": "11:53:44",
          "value": "14 APR 2025"
        },
        "extensions": {
          "zone": "Asia/Tehran"
        }
      },
      "eventsFacts": [
        {
          "tag": "SEX",
          "value": "M"
        }
      ]
    },
    {
      "famc": [
        {
          "ref": "F4"
        }
      ],
      "id": "I12",
      "names": [
        {
          "value": "الناز /حسینی نژاد/"
        }
      ],
      "chan": {
        "date": {
          "time": "11:54:13",
          "value": "14 APR 2025"
        },
        "extensions": {
          "zone": "Asia/Tehran"
        }
      },
      "eventsFacts": [
        {
          "tag": "SEX",
          "value": "F"
        }
      ]
    },
    {
      "famc": [
        {
          "ref": "F6"
        }
      ],
      "id": "I13",
      "names": [
        {
          "value": "بهاره /حسینی نژاد/"
        }
      ],
      "chan": {
        "date": {
          "time": "11:54:29",
          "value": "14 APR 2025"
        },
        "extensions": {
          "zone": "Asia/Tehran"
        }
      },
      "eventsFacts": [
        {
          "tag": "SEX",
          "value": "F"
        }
      ],
      "extensions": {
        "kin": 3
      }
    },
    {
      "famc": [
        {
          "ref": "F6"
        }
      ],
      "id": "I14",
      "names": [
        {
          "value": "بهداد /حسینی نژاد/"
        }
      ],
      "chan": {
        "date": {
          "time": "11:54:38",
          "value": "14 APR 2025"
        },
        "extensions": {
          "zone": "Asia/Tehran"
        }
      },
      "eventsFacts": [
        {
          "tag": "SEX",
          "value": "M"
        }
      ]
    },
    {
      "famc": [
        {
          "ref": "F25"
        }
      ],
      "fams": [
        {
          "ref": "F6"
        }
      ],
      "id": "I15",
      "names": [
        {
          "value": "آمنه /جوادی/"
        }
      ],
      "chan": {
        "date": {
          "time": "23:14:09",
          "value": "10 MAY 2025"
        },
        "extensions": {
          "zone": "Asia/Tehran"
        }
      },
      "eventsFacts": [
        {
          "tag": "SEX",
          "value": "F"
        }
      ],
      "extensions": {
        "kin": 4
      }
    },
    {
      "famc": [
        {
          "ref": "F2"
        }
      ],
      "fams": [
        {
          "ref": "F15"
        }
      ],
      "id": "I16",
      "names": [
        {
          "value": "حاج بهمنیار /حسینی نژاد/"
        }
      ],
      "chan": {
        "date": {
          "time": "12:57:47",
          "value": "14 APR 2025"
        },
        "extensions": {
          "zone": "Asia/Tehran"
        }
      },
      "eventsFacts": [
        {
          "tag": "SEX",
          "value": "M"
        },
        {
          "tag": "DEAT",
          "value": "Y"
        }
      ],
      "extensions": {
        "kin": 7
      }
    },
    {
      "id": "I17",
      "names": [
        {
          "value": "کبری /نصیحت کن/"
        }
      ],
      "chan": {
        "date": {
          "time": "12:55:27",
          "value": "14 APR 2025"
        },
        "extensions": {
          "zone": "Asia/Tehran"
        }
      },
      "eventsFacts": [
        {
          "tag": "SEX",
          "value": "F"
        }
      ],
      "extensions": {
        "kin": 2
      }
    },
    {
      "famc": [
        {
          "ref": "F12"
        }
      ],
      "fams": [
        {
          "ref": "F14"
        }
      ],
      "id": "I18",
      "names": [
        {
          "value": "شیخ محمد /نصیحت کن/"
        }
      ],
      "chan": {
        "date": {
          "time": "12:57:27",
          "value": "14 APR 2025"
        },
        "extensions": {
          "zone": "Asia/Tehran"
        }
      },
      "eventsFacts": [
        {
          "tag": "SEX",
          "value": "M"
        },
        {
          "tag": "DEAT",
          "value": "Y"
        }
      ],
      "extensions": {
        "kin": 3
      }
    },
    {
      "famc": [
        {
          "ref": "F10"
        }
      ],
      "fams": [
        {
          "ref": "F9"
        }
      ],
      "id": "I19",
      "names": [
        {
          "value": "فاطمه //"
        }
      ],
      "chan": {
        "date": {
          "time": "12:45:56",
          "value": "14 APR 2025"
        },
        "extensions": {
          "zone": "Asia/Tehran"
        }
      },
      "eventsFacts": [
        {
          "tag": "SEX",
          "value": "F"
        },
        {
          "tag": "DEAT",
          "value": "Y"
        }
      ],
      "extensions": {
        "kin": 3
      }
    },
    {
      "fams": [
        {
          "ref": "F10"
        }
      ],
      "id": "I20",
      "names": [
        {
          "value": "زائر علی //"
        }
      ],
      "chan": {
        "date": {
          "time": "12:45:56",
          "value": "14 APR 2025"
        },
        "extensions": {
          "zone": "Asia/Tehran"
        }
      },
      "eventsFacts": [
        {
          "tag": "SEX",
          "value": "M"
        },
        {
          "tag": "DEAT",
          "value": "Y"
        }
      ],
      "extensions": {
        "kin": 1
      }
    },
    {
      "famc": [
        {
          "ref": "F10"
        }
      ],
      "fams": [
        {
          "ref": "F11"
        }
      ],
      "id": "I21",
      "names": [
        {
          "value": "کعلی //"
        }
      ],
      "chan": {
        "date": {
          "time": "12:46:56",
          "value": "14 APR 2025"
        },
        "extensions": {
          "zone": "Asia/Tehran"
        }
      },
      "extensions": {
        "kin": 2
      }
    },
    {
      "famc": [
        {
          "ref": "F11"
        }
      ],
      "id": "I22",
      "names": [
        {
          "value": "ابریم //"
        }
      ],
      "chan": {
        "date": {
          "time": "12:46:56",
          "value": "14 APR 2025"
        },
        "extensions": {
          "zone": "Asia/Tehran"
        }
      },
      "eventsFacts": [
        {
          "tag": "SEX",
          "value": "M"
        }
      ],
      "extensions": {
        "kin": 1
      }
    },
    {
      "famc": [
        {
          "ref": "F11"
        }
      ],
      "id": "I23",
      "names": [
        {
          "value": "حیدر //"
        }
      ],
      "chan": {
        "date": {
          "time": "12:48:39",
          "value": "14 APR 2025"
        },
        "extensions": {
          "zone": "Asia/Tehran"
        }
      },
      "eventsFacts": [
        {
          "tag": "SEX",
          "value": "M"
        },
        {
          "tag": "DEAT",
          "value": "Y"
        }
      ]
    },
    {
      "famc": [
        {
          "ref": "F12"
        }
      ],
      "fams": [
        {
          "ref": "F2"
        }
      ],
      "id": "I24",
      "names": [
        {
          "value": "سکینه /نصیحت کن/"
        }
      ],
      "chan": {
        "date": {
          "time": "12:50:13",
          "value": "14 APR 2025"
        },
        "extensions": {
          "zone": "Asia/Tehran"
        }
      },
      "eventsFacts": [
        {
          "tag": "SEX",
          "value": "F"
        },
        {
          "tag": "DEAT",
          "value": "Y"
        }
      ],
      "extensions": {
        "kin": 5
      }
    },
    {
      "famc": [
        {
          "ref": "F12"
        }
      ],
      "id": "I25",
      "names": [
        {
          "value": "عباس /نصیحت کن/"
        }
      ],
      "chan": {
        "date": {
          "time": "12:50:13",
          "value": "14 APR 2025"
        },
        "extensions": {
          "zone": "Asia/Tehran"
        }
      },
      "eventsFacts": [
        {
          "tag": "SEX",
          "value": "M"
        },
        {
          "tag": "DEAT",
          "value": "Y"
        }
      ]
    },
    {
      "famc": [
        {
          "ref": "F13"
        }
      ],
      "fams": [
        {
          "ref": "F12"
        }
      ],
      "id": "I26",
      "names": [
        {
          "value": "عبدالکریم //"
        }
      ],
      "chan": {
        "date": {
          "time": "12:53:32",
          "value": "14 APR 2025"
        },
        "extensions": {
          "zone": "Asia/Tehran"
        }
      },
      "eventsFacts": [
        {
          "tag": "SEX",
          "value": "M"
        },
        {
          "tag": "DEAT",
          "value": "Y"
        }
      ],
      "extensions": {
        "kin": 2
      }
    },
    {
      "famc": [
        {
          "ref": "F13"
        }
      ],
      "id": "I27",
      "names": [
        {
          "value": "ناصر //"
        }
      ],
      "chan": {
        "date": {
          "time": "12:53:32",
          "value": "14 APR 2025"
        },
        "extensions": {
          "zone": "Asia/Tehran"
        }
      },
      "eventsFacts": [
        {
          "tag": "SEX",
          "value": "M"
        },
        {
          "tag": "DEAT",
          "value": "Y"
        }
      ]
    },
    {
      "famc": [
        {
          "ref": "F14"
        }
      ],
      "fams": [
        {
          "ref": "F15"
        }
      ],
      "id": "I28",
      "names": [
        {
          "value": "کبری /نصیحت کن/"
        }
      ],
      "chan": {
        "date": {
          "time": "12:57:47",
          "value": "14 APR 2025"
        },
        "extensions": {
          "zone": "Asia/Tehran"
        }
      },
      "eventsFacts": [
        {
          "tag": "SEX",
          "value": "F"
        }
      ],
      "extensions": {
        "kin": 1
      }
    },
    {
      "famc": [
        {
          "ref": "F2"
        }
      ],
      "fams": [
        {
          "ref": "F16"
        }
      ],
      "id": "I29",
      "names": [
        {
          "value": "زبیده /حسینی نژاد/"
        }
      ],
      "chan": {
        "date": {
          "time": "13:24:05",
          "value": "14 APR 2025"
        },
        "extensions": {
          "zone": "Asia/Tehran"
        }
      },
      "eventsFacts": [
        {
          "tag": "SEX",
          "value": "F"
        }
      ],
      "extensions": {
        "kin": 9
      }
    },
    {
      "fams": [
        {
          "ref": "F16"
        }
      ],
      "id": "I30",
      "names": [
        {
          "value": "عباس /حیدری/"
        }
      ],
      "chan": {
        "date": {
          "time": "13:24:05",
          "value": "14 APR 2025"
        },
        "extensions": {
          "zone": "Asia/Tehran"
        }
      },
      "eventsFacts": [
        {
          "tag": "SEX",
          "value": "M"
        }
      ]
    },
    {
      "famc": [
        {
          "ref": "F16"
        }
      ],
      "id": "I31",
      "names": [
        {
          "value": "علی /حیدری/"
        }
      ],
      "chan": {
        "date": {
          "time": "13:24:21",
          "value": "14 APR 2025"
        },
        "extensions": {
          "zone": "Asia/Tehran"
        }
      },
      "eventsFacts": [
        {
          "tag": "SEX",
          "value": "M"
        }
      ]
    },
    {
      "famc": [
        {
          "ref": "F16"
        }
      ],
      "fams": [
        {
          "ref": "F17"
        }
      ],
      "id": "I32",
      "names": [
        {
          "value": "احمد /حیدری/"
        }
      ],
      "chan": {
        "date": {
          "time": "13:26:58",
          "value": "14 APR 2025"
        },
        "extensions": {
          "zone": "Asia/Tehran"
        }
      },
      "eventsFacts": [
        {
          "tag": "SEX",
          "value": "M"
        }
      ],
      "extensions": {
        "kin": 4
      }
    },
    {
      "famc": [
        {
          "ref": "F16"
        }
      ],
      "id": "I33",
      "names": [
        {
          "value": "مریم /حیدری/"
        }
      ],
      "chan": {
        "date": {
          "time": "13:24:57",
          "value": "14 APR 2025"
        },
        "extensions": {
          "zone": "Asia/Tehran"
        }
      },
      "eventsFacts": [
        {
          "tag": "SEX",
          "value": "F"
        }
      ]
    },
    {
      "famc": [
        {
          "ref": "F17"
        }
      ],
      "id": "I34",
      "names": [
        {
          "value": "عباس /حیدری/"
        }
      ],
      "chan": {
        "date": {
          "time": "13:26:58",
          "value": "14 APR 2025"
        },
        "extensions": {
          "zone": "Asia/Tehran"
        }
      },
      "eventsFacts": [
        {
          "tag": "SEX",
          "value": "M"
        }
      ]
    },
    {
      "famc": [
        {
          "ref": "F3"
        }
      ],
      "fams": [
        {
          "ref": "F19"
        }
      ],
      "id": "I35",
      "names": [
        {
          "value": "احمد /حسینی نژاد/"
        }
      ],
      "chan": {
        "date": {
          "time": "17:00:28",
          "value": "14 APR 2025"
        },
        "extensions": {
          "zone": "Asia/Tehran"
        }
      },
      "eventsFacts": [
        {
          "tag": "SEX",
          "value": "M"
        }
      ],
      "extensions": {
        "kin": 8
      }
    },
    {
      "famc": [
        {
          "ref": "F3"
        }
      ],
      "id": "I36",
      "names": [
        {
          "value": "محمود /حسینی نژاد/"
        }
      ],
      "chan": {
        "date": {
          "time": "16:59:23",
          "value": "14 APR 2025"
        },
        "extensions": {
          "zone": "Asia/Tehran"
        }
      },
      "eventsFacts": [
        {
          "tag": "SEX",
          "value": "M"
        },
        {
          "tag": "DEAT",
          "value": "Y"
        }
      ],
      "extensions": {
        "kin": 4
      }
    },
    {
      "famc": [
        {
          "ref": "F3"
        }
      ],
      "id": "I37",
      "names": [
        {
          "value": "محسن /حسینی نژاد/"
        }
      ],
      "chan": {
        "date": {
          "time": "16:59:33",
          "value": "14 APR 2025"
        },
        "extensions": {
          "zone": "Asia/Tehran"
        }
      },
      "eventsFacts": [
        {
          "tag": "SEX",
          "value": "M"
        }
      ],
      "extensions": {
        "kin": 5
      }
    },
    {
      "famc": [
        {
          "ref": "F3"
        }
      ],
      "fams": [
        {
          "ref": "F18"
        }
      ],
      "id": "I38",
      "names": [
        {
          "value": "صدیقه(فاطمه) /حسینی نژاد/"
        }
      ],
      "chan": {
        "date": {
          "time": "17:00:09",
          "value": "14 APR 2025"
        },
        "extensions": {
          "zone": "Asia/Tehran"
        }
      },
      "eventsFacts": [
        {
          "tag": "SEX",
          "value": "F"
        }
      ],
      "extensions": {
        "kin": 8
      }
    },
    {
      "famc": [
        {
          "ref": "F18"
        }
      ],
      "id": "I39",
      "names": [
        {
          "value": "یسنا /شبانکاره دشتی/"
        }
      ],
      "chan": {
        "date": {
          "time": "17:00:09",
          "value": "14 APR 2025"
        },
        "extensions": {
          "zone": "Asia/Tehran"
        }
      },
      "eventsFacts": [
        {
          "tag": "SEX",
          "value": "F"
        }
      ]
    },
    {
      "famc": [
        {
          "ref": "F19"
        }
      ],
      "id": "I40",
      "names": [
        {
          "value": "پریسا /حسینی نژاد/"
        }
      ],
      "chan": {
        "date": {
          "time": "17:00:28",
          "value": "14 APR 2025"
        },
        "extensions": {
          "zone": "Asia/Tehran"
        }
      },
      "eventsFacts": [
        {
          "tag": "SEX",
          "value": "F"
        }
      ]
    },
    {
      "famc": [
        {
          "ref": "F19"
        }
      ],
      "id": "I41",
      "names": [
        {
          "value": "پرستو /حسینی نژاد/"
        }
      ],
      "chan": {
        "date": {
          "time": "17:00:38",
          "value": "14 APR 2025"
        },
        "extensions": {
          "zone": "Asia/Tehran"
        }
      },
      "eventsFacts": [
        {
          "tag": "SEX",
          "value": "F"
        }
      ]
    },
    {
      "famc": [
        {
          "ref": "F2"
        }
      ],
      "fams": [
        {
          "ref": "F20"
        }
      ],
      "id": "I42",
      "names": [
        {
          "value": "فاطمه /حسینی نژاد/"
        }
      ],
      "chan": {
        "date": {
          "time": "17:01:38",
          "value": "14 APR 2025"
        },
        "extensions": {
          "zone": "Asia/Tehran"
        }
      },
      "eventsFacts": [
        {
          "tag": "SEX",
          "value": "F"
        }
      ],
      "extensions": {
        "kin": 7
      }
    },
    {
      "fams": [
        {
          "ref": "F20"
        }
      ],
      "id": "I43",
      "names": [
        {
          "value": "حسین /حیدری/"
        }
      ],
      "chan": {
        "date": {
          "time": "17:01:38",
          "value": "14 APR 2025"
        },
        "extensions": {
          "zone": "Asia/Tehran"
        }
      },
      "eventsFacts": [
        {
          "tag": "SEX",
          "value": "M"
        }
      ]
    },
    {
      "famc": [
        {
          "ref": "F20"
        }
      ],
      "id": "I44",
      "names": [
        {
          "value": "حمید /حیدری/"
        }
      ],
      "chan": {
        "date": {
          "time": "17:01:52",
          "value": "14 APR 2025"
        },
        "extensions": {
          "zone": "Asia/Tehran"
        }
      },
      "eventsFacts": [
        {
          "tag": "DEAT",
          "value": "Y"
        }
      ]
    },
    {
      "famc": [
        {
          "ref": "F15"
        }
      ],
      "id": "I45",
      "names": [
        {
          "value": "موسی /حسینی نژاد/"
        }
      ],
      "chan": {
        "date": {
          "time": "17:02:08",
          "value": "14 APR 2025"
        },
        "extensions": {
          "zone": "Asia/Tehran"
        }
      },
      "eventsFacts": [
        {
          "tag": "SEX",
          "value": "M"
        }
      ]
    },
    {
      "famc": [
        {
          "ref": "F24"
        }
      ],
      "fams": [
        {
          "ref": "F19"
        }
      ],
      "id": "I46",
      "names": [
        {
          "value": "فاطمه /سعیدی/"
        }
      ],
      "chan": {
        "date": {
          "time": "20:34:51",
          "value": "7 MAY 2025"
        },
        "extensions": {
          "zone": "Asia/Tehran"
        }
      },
      "eventsFacts": [
        {
          "tag": "SEX",
          "value": "F"
        }
      ],
      "extensions": {
        "kin": 5
      }
    },
    {
      "fams": [
        {
          "ref": "F9"
        }
      ],
      "id": "I47",
      "names": [
        {
          "value": "بهمیار /حسینی نژاد/"
        }
      ],
      "chan": {
        "date": {
          "time": "17:34:29",
          "value": "14 APR 2025"
        },
        "extensions": {
          "zone": "Asia/Tehran"
        }
      },
      "eventsFacts": [
        {
          "tag": "SEX",
          "value": "M"
        },
        {
          "tag": "DEAT",
          "value": "Y"
        }
      ]
    },
    {
      "fams": [
        {
          "ref": "F18"
        }
      ],
      "id": "I48",
      "names": [
        {
          "value": "داوود /شبانکاره دشتی/"
        }
      ],
      "chan": {
        "date": {
          "time": "19:46:31",
          "value": "14 APR 2025"
        },
        "extensions": {
          "zone": "Asia/Tehran"
        }
      },
      "eventsFacts": [
        {
          "tag": "SEX",
          "value": "M"
        }
      ]
    },
    {
      "famc": [
        {
          "ref": "F18"
        }
      ],
      "id": "I49",
      "names": [
        {
          "value": "یوسف /شبانکاره دشتی/"
        }
      ],
      "chan": {
        "date": {
          "time": "19:46:49",
          "value": "14 APR 2025"
        },
        "extensions": {
          "zone": "Asia/Tehran"
        }
      },
      "eventsFacts": [
        {
          "tag": "SEX",
          "value": "M"
        }
      ]
    },
    {
      "famc": [
        {
          "ref": "F21"
        }
      ],
      "fams": [
        {
          "ref": "F3"
        }
      ],
      "id": "I50",
      "names": [
        {
          "value": "گوهر /شبانکاره دشتی/"
        }
      ],
      "chan": {
        "date": {
          "time": "19:47:47",
          "value": "14 APR 2025"
        },
        "extensions": {
          "zone": "Asia/Tehran"
        }
      },
      "eventsFacts": [
        {
          "tag": "SEX",
          "value": "F"
        }
      ],
      "extensions": {
        "kin": 8
      }
    },
    {
      "famc": [
        {
          "ref": "F21"
        }
      ],
      "id": "I51",
      "names": [
        {
          "value": "حاج عبدالعلی /شبانکاره دشتی/"
        }
      ],
      "chan": {
        "date": {
          "time": "19:47:47",
          "value": "14 APR 2025"
        },
        "extensions": {
          "zone": "Asia/Tehran"
        }
      },
      "eventsFacts": [
        {
          "tag": "SEX",
          "value": "M"
        }
      ],
      "extensions": {
        "kin": 3
      }
    },
    {
      "fams": [
        {
          "ref": "F21"
        }
      ],
      "id": "I52",
      "names": [
        {
          "value": "بی بی //"
        }
      ],
      "chan": {
        "date": {
          "time": "19:48:11",
          "value": "14 APR 2025"
        },
        "extensions": {
          "zone": "Asia/Tehran"
        }
      },
      "eventsFacts": [
        {
          "tag": "SEX",
          "value": "F"
        },
        {
          "tag": "DEAT",
          "value": "Y"
        }
      ],
      "extensions": {
        "kin": 2
      }
    },
    {
      "famc": [
        {
          "ref": "F22"
        }
      ],
      "fams": [
        {
          "ref": "F21"
        }
      ],
      "id": "I53",
      "names": [
        {
          "value": "جمال /شبانکاره دشتی/"
        }
      ],
      "chan": {
        "date": {
          "time": "19:50:12",
          "value": "14 APR 2025"
        },
        "extensions": {
          "zone": "Asia/Tehran"
        }
      },
      "eventsFacts": [
        {
          "tag": "SEX",
          "value": "M"
        },
        {
          "tag": "DEAT",
          "value": "Y"
        }
      ],
      "extensions": {
        "kin": 7
      }
    },
    {
      "famc": [
        {
          "ref": "F21"
        }
      ],
      "id": "I55",
      "names": [
        {
          "value": "مدینه ( دی علی ) /شبانکاره دشتی/"
        }
      ],
      "chan": {
        "date": {
          "time": "19:49:19",
          "value": "14 APR 2025"
        },
        "extensions": {
          "zone": "Asia/Tehran"
        }
      },
      "eventsFacts": [
        {
          "tag": "SEX",
          "value": "F"
        }
      ],
      "extensions": {
        "kin": 5
      }
    },
    {
      "famc": [
        {
          "ref": "F21"
        }
      ],
      "fams": [
        {
          "ref": "F28"
        }
      ],
      "id": "I56",
      "names": [
        {
          "value": "صفیه /شبانکاره دشتی/"
        }
      ],
      "chan": {
        "date": {
          "time": "07:29:46",
          "value": "21 MAY 2025"
        },
        "extensions": {
          "zone": "Asia/Tehran"
        }
      },
      "eventsFacts": [
        {
          "tag": "SEX",
          "value": "F"
        }
      ],
      "extensions": {
        "kin": 6
      }
    },
    {
      "famc": [
        {
          "ref": "F21"
        }
      ],
      "fams": [
        {
          "ref": "F29"
        }
      ],
      "id": "I57",
      "names": [
        {
          "value": "عبدالله /شبانکاره دشتی/"
        }
      ],
      "chan": {
        "date": {
          "time": "07:30:30",
          "value": "21 MAY 2025"
        },
        "extensions": {
          "zone": "Asia/Tehran"
        }
      },
      "eventsFacts": [
        {
          "tag": "SEX",
          "value": "M"
        }
      ]
    },
    {
      "famc": [
        {
          "ref": "F22"
        }
      ],
      "fams": [
        {
          "ref": "F30"
        }
      ],
      "id": "I58",
      "names": [
        {
          "value": "غلامحسین /شبانکاره دشتی/"
        }
      ],
      "chan": {
        "date": {
          "time": "07:42:31",
          "value": "21 MAY 2025"
        },
        "extensions": {
          "zone": "Asia/Tehran"
        }
      },
      "eventsFacts": [
        {
          "tag": "SEX",
          "value": "M"
        },
        {
          "tag": "DEAT",
          "value": "Y"
        }
      ],
      "extensions": {
        "kin": 2
      }
    },
    {
      "famc": [
        {
          "ref": "F22"
        }
      ],
      "id": "I59",
      "names": [
        {
          "value": "باقر /شبانکاره دشتی/"
        }
      ],
      "chan": {
        "date": {
          "time": "19:50:25",
          "value": "14 APR 2025"
        },
        "extensions": {
          "zone": "Asia/Tehran"
        }
      },
      "eventsFacts": [
        {
          "tag": "SEX",
          "value": "M"
        },
        {
          "tag": "DEAT",
          "value": "Y"
        }
      ]
    },
    {
      "famc": [
        {
          "ref": "F24"
        }
      ],
      "id": "I62",
      "names": [
        {
          "value": "مرضیه /سعیدی/"
        }
      ],
      "chan": {
        "date": {
          "time": "20:34:51",
          "value": "7 MAY 2025"
        },
        "extensions": {
          "zone": "Asia/Tehran"
        }
      },
      "eventsFacts": [
        {
          "tag": "SEX",
          "value": "F"
        }
      ]
    },
    {
      "famc": [
        {
          "ref": "F21"
        }
      ],
      "fams": [
        {
          "ref": "F24"
        }
      ],
      "id": "I63",
      "names": [
        {
          "value": "خدیجه /شبانکاره/"
        }
      ],
      "chan": {
        "date": {
          "time": "20:38:01",
          "value": "7 MAY 2025"
        },
        "extensions": {
          "zone": "Asia/Tehran"
        }
      },
      "eventsFacts": [
        {
          "tag": "SEX",
          "value": "F"
        }
      ],
      "extensions": {
        "kin": 3
      }
    },
    {
      "fams": [
        {
          "ref": "F24"
        }
      ],
      "id": "I64",
      "names": [
        {
          "value": "ماشالله /سعیدی/"
        }
      ],
      "chan": {
        "date": {
          "time": "20:36:30",
          "value": "7 MAY 2025"
        },
        "extensions": {
          "zone": "Asia/Tehran"
        }
      },
      "eventsFacts": [
        {
          "tag": "SEX",
          "value": "M"
        },
        {
          "place": "بوشهر",
          "tag": "DEAT"
        }
      ],
      "extensions": {
        "kin": 3
      }
    },
    {
      "famc": [
        {
          "ref": "F25"
        }
      ],
      "fams": [
        {
          "ref": "F32"
        }
      ],
      "id": "I65",
      "names": [
        {
          "value": "مهری /جوادی/"
        }
      ],
      "chan": {
        "date": {
          "time": "17:53:35",
          "value": "21 MAY 2025"
        },
        "extensions": {
          "zone": "Asia/Tehran"
        }
      },
      "eventsFacts": [
        {
          "tag": "SEX",
          "value": "F"
        }
      ]
    },
    {
      "famc": [
        {
          "ref": "F25"
        }
      ],
      "fams": [
        {
          "ref": "F33"
        }
      ],
      "id": "I66",
      "names": [
        {
          "value": "جواد /جوادی/"
        }
      ],
      "chan": {
        "date": {
          "time": "17:54:21",
          "value": "21 MAY 2025"
        },
        "extensions": {
          "zone": "Asia/Tehran"
        }
      },
      "eventsFacts": [
        {
          "tag": "SEX",
          "value": "M"
        }
      ]
    },
    {
      "famc": [
        {
          "ref": "F40"
        }
      ],
      "fams": [
        {
          "ref": "F25"
        }
      ],
      "id": "I67",
      "names": [
        {
          "value": "رحمت الله /جوادی/"
        }
      ],
      "chan": {
        "date": {
          "time": "18:04:16",
          "value": "21 MAY 2025"
        },
        "extensions": {
          "zone": "Asia/Tehran"
        }
      },
      "eventsFacts": [
        {
          "tag": "SEX",
          "value": "M"
        },
        {
          "tag": "DEAT",
          "value": "Y"
        }
      ]
    },
    {
      "famc": [
        {
          "ref": "F39"
        }
      ],
      "fams": [
        {
          "ref": "F25"
        }
      ],
      "id": "I68",
      "names": [
        {
          "value": "اکرم /ابراهیمی/"
        }
      ],
      "chan": {
        "date": {
          "time": "18:03:21",
          "value": "21 MAY 2025"
        },
        "extensions": {
          "zone": "Asia/Tehran"
        }
      },
      "eventsFacts": [
        {
          "tag": "DEAT",
          "value": "Y"
        }
      ]
    },
    {
      "famc": [
        {
          "ref": "F25"
        }
      ],
      "fams": [
        {
          "ref": "F36"
        },
        {
          "ref": "F37"
        }
      ],
      "id": "I69",
      "names": [
        {
          "value": "محمد /جوادی/"
        }
      ],
      "chan": {
        "date": {
          "time": "17:59:06",
          "value": "21 MAY 2025"
        },
        "extensions": {
          "zone": "Asia/Tehran"
        }
      },
      "eventsFacts": [
        {
          "tag": "SEX",
          "value": "M"
        }
      ]
    },
    {
      "fams": [
        {
          "ref": "F10"
        }
      ],
      "id": "I70",
      "names": [
        {
          "value": "Xxxx /Yyy/"
        }
      ],
      "chan": {
        "date": {
          "time": "01:00:59",
          "value": "11 MAY 2025"
        },
        "extensions": {
          "zone": "Asia/Tehran"
        }
      },
      "eventsFacts": [
        {
          "tag": "DEAT",
          "value": "Y"
        }
      ]
    },
    {
      "fams": [
        {
          "ref": "F26"
        }
      ],
      "id": "I71",
      "names": [
        {
          "value": " /بردستانی/"
        }
      ],
      "chan": {
        "date": {
          "time": "23:49:37",
          "value": "19 MAY 2025"
        },
        "extensions": {
          "zone": "Asia/Tehran"
        }
      },
      "eventsFacts": [
        {
          "tag": "SEX",
          "value": "U"
        },
        {
          "tag": "DEAT",
          "value": "Y"
        }
      ]
    },
    {
      "famc": [
        {
          "ref": "F26"
        }
      ],
      "fams": [
        {
          "ref": "F27"
        }
      ],
      "id": "I72",
      "names": [
        {
          "value": "عبدالله /حسینی نژاد/"
        }
      ],
      "chan": {
        "date": {
          "time": "23:50:25",
          "value": "19 MAY 2025"
        },
        "extensions": {
          "zone": "Asia/Tehran"
        }
      },
      "eventsFacts": [
        {
          "tag": "DEAT",
          "value": "Y"
        },
        {
          "tag": "SEX",
          "value": "M"
        }
      ]
    },
    {
      "famc": [
        {
          "ref": "F27"
        }
      ],
      "id": "I73",
      "names": [
        {
          "value": "محمد /حسینی نژاد/"
        }
      ],
      "chan": {
        "date": {
          "time": "23:50:16",
          "value": "19 MAY 2025"
        },
        "extensions": {
          "zone": "Asia/Tehran"
        }
      },
      "eventsFacts": [
        {
          "tag": "SEX",
          "value": "M"
        }
      ]
    },
    {
      "famc": [
        {
          "ref": "F26"
        }
      ],
      "id": "I74",
      "names": [
        {
          "value": "نصرت /حسینی نژاد/"
        }
      ],
      "chan": {
        "date": {
          "time": "07:26:28",
          "value": "21 MAY 2025"
        },
        "extensions": {
          "zone": "Asia/Tehran"
        }
      },
      "eventsFacts": [
        {
          "tag": "SEX",
          "value": "F"
        }
      ]
    },
    {
      "famc": [
        {
          "ref": "F26"
        }
      ],
      "id": "I75",
      "names": [
        {
          "value": "رضا /حسینی نژاد/"
        }
      ],
      "chan": {
        "date": {
          "time": "07:27:04",
          "value": "21 MAY 2025"
        },
        "extensions": {
          "zone": "Asia/Tehran"
        }
      },
      "eventsFacts": [
        {
          "tag": "SEX",
          "value": "M"
        }
      ]
    },
    {
      "fams": [
        {
          "ref": "F28"
        }
      ],
      "id": "I76",
      "names": [
        {
          "value": "یحیی //"
        }
      ],
      "chan": {
        "date": {
          "time": "07:29:46",
          "value": "21 MAY 2025"
        },
        "extensions": {
          "zone": "Asia/Tehran"
        }
      },
      "eventsFacts": [
        {
          "tag": "SEX",
          "value": "M"
        }
      ]
    },
    {
      "famc": [
        {
          "ref": "F28"
        }
      ],
      "id": "I77",
      "names": [
        {
          "value": "اعظم //"
        }
      ],
      "chan": {
        "date": {
          "time": "07:30:10",
          "value": "21 MAY 2025"
        },
        "extensions": {
          "zone": "Asia/Tehran"
        }
      },
      "eventsFacts": [
        {
          "tag": "SEX",
          "value": "F"
        }
      ]
    },
    {
      "famc": [
        {
          "ref": "F30"
        }
      ],
      "fams": [
        {
          "ref": "F29"
        }
      ],
      "id": "I78",
      "names": [
        {
          "value": "عزرا /جمالی/"
        }
      ],
      "chan": {
        "date": {
          "time": "07:30:49",
          "value": "21 MAY 2025"
        },
        "extensions": {
          "zone": "Asia/Tehran"
        }
      },
      "eventsFacts": [
        {
          "tag": "SEX",
          "value": "F"
        }
      ]
    },
    {
      "famc": [
        {
          "ref": "F30"
        }
      ],
      "id": "I79",
      "names": [
        {
          "value": "محمدعلی /جمالی/"
        }
      ],
      "chan": {
        "date": {
          "time": "07:30:49",
          "value": "21 MAY 2025"
        },
        "extensions": {
          "zone": "Asia/Tehran"
        }
      },
      "eventsFacts": [
        {
          "tag": "SEX",
          "value": "M"
        }
      ]
    },
    {
      "famc": [
        {
          "ref": "F30"
        }
      ],
      "id": "I81",
      "names": [
        {
          "value": "حسین /جمالی/"
        }
      ],
      "chan": {
        "date": {
          "time": "07:31:36",
          "value": "21 MAY 2025"
        },
        "extensions": {
          "zone": "Asia/Tehran"
        }
      }
    },
    {
      "famc": [
        {
          "ref": "F30"
        }
      ],
      "id": "I82",
      "names": [
        {
          "value": "یدالله /جمالی/"
        }
      ],
      "chan": {
        "date": {
          "time": "07:31:53",
          "value": "21 MAY 2025"
        },
        "extensions": {
          "zone": "Asia/Tehran"
        }
      },
      "eventsFacts": [
        {
          "tag": "SEX",
          "value": "M"
        }
      ]
    },
    {
      "famc": [
        {
          "ref": "F30"
        }
      ],
      "id": "I83",
      "names": [
        {
          "value": "حیدر /جمالی/"
        }
      ],
      "chan": {
        "date": {
          "time": "07:32:09",
          "value": "21 MAY 2025"
        },
        "extensions": {
          "zone": "Asia/Tehran"
        }
      },
      "eventsFacts": [
        {
          "tag": "SEX",
          "value": "M"
        }
      ]
    },
    {
      "famc": [
        {
          "ref": "F30"
        }
      ],
      "id": "I84",
      "names": [
        {
          "value": "کاظم /جمالی/"
        }
      ],
      "chan": {
        "date": {
          "time": "07:32:31",
          "value": "21 MAY 2025"
        },
        "extensions": {
          "zone": "Asia/Tehran"
        }
      },
      "eventsFacts": [
        {
          "tag": "SEX",
          "value": "M"
        }
      ]
    },
    {
      "famc": [
        {
          "ref": "F31"
        }
      ],
      "fams": [
        {
          "ref": "F22"
        }
      ],
      "id": "I85",
      "names": [
        {
          "value": "علی /جمال/"
        }
      ],
      "chan": {
        "date": {
          "time": "07:46:19",
          "value": "21 MAY 2025"
        },
        "extensions": {
          "zone": "Asia/Tehran"
        }
      },
      "eventsFacts": [
        {
          "tag": "DEAT",
          "value": "Y"
        }
      ]
    },
    {
      "fams": [
        {
          "ref": "F31"
        }
      ],
      "id": "I86",
      "names": [
        {
          "value": "جمال /بدون فامیل/"
        }
      ],
      "chan": {
        "date": {
          "time": "07:46:19",
          "value": "21 MAY 2025"
        },
        "extensions": {
          "zone": "Asia/Tehran"
        }
      },
      "eventsFacts": [
        {
          "tag": "SEX",
          "value": "M"
        },
        {
          "place": "دشتی",
          "tag": "DEAT"
        }
      ]
    },
    {
      "fams": [
        {
          "ref": "F32"
        }
      ],
      "id": "I87",
      "names": [
        {
          "value": "پرویز /باغ نی/"
        }
      ],
      "chan": {
        "date": {
          "time": "17:53:35",
          "value": "21 MAY 2025"
        },
        "extensions": {
          "zone": "Asia/Tehran"
        }
      },
      "eventsFacts": [
        {
          "tag": "SEX",
          "value": "M"
        },
        {
          "place": "کرمانشاه",
          "tag": "DEAT"
        }
      ]
    },
    {
      "fams": [
        {
          "ref": "F33"
        }
      ],
      "id": "I88",
      "names": [
        {
          "value": "زهرا /نائمی/"
        }
      ],
      "chan": {
        "date": {
          "time": "17:54:21",
          "value": "21 MAY 2025"
        },
        "extensions": {
          "zone": "Asia/Tehran"
        }
      },
      "eventsFacts": [
        {
          "tag": "SEX",
          "value": "F"
        },
        {
          "place": "تهران",
          "tag": "BIRT"
        }
      ]
    },
    {
      "famc": [
        {
          "ref": "F33"
        }
      ],
      "fams": [
        {
          "ref": "F34"
        }
      ],
      "id": "I89",
      "names": [
        {
          "value": "مصطفی /جوادی/"
        }
      ],
      "chan": {
        "date": {
          "time": "17:55:02",
          "value": "21 MAY 2025"
        },
        "extensions": {
          "zone": "Asia/Tehran"
        }
      },
      "eventsFacts": [
        {
          "tag": "SEX",
          "value": "M"
        },
        {
          "place": "تهران",
          "tag": "BIRT"
        }
      ]
    },
    {
      "fams": [
        {
          "ref": "F34"
        }
      ],
      "id": "I90",
      "names": [
        {
          "value": "وجیهه //"
        }
      ],
      "chan": {
        "date": {
          "time": "17:55:02",
          "value": "21 MAY 2025"
        },
        "extensions": {
          "zone": "Asia/Tehran"
        }
      },
      "eventsFacts": [
        {
          "tag": "SEX",
          "value": "F"
        },
        {
          "place": "تهران",
          "tag": "BIRT"
        }
      ]
    },
    {
      "famc": [
        {
          "ref": "F33"
        }
      ],
      "fams": [
        {
          "ref": "F35"
        }
      ],
      "id": "I91",
      "names": [
        {
          "value": "حمید رضا /جوادی/"
        }
      ],
      "chan": {
        "date": {
          "time": "17:55:40",
          "value": "21 MAY 2025"
        },
        "extensions": {
          "zone": "Asia/Tehran"
        }
      },
      "eventsFacts": [
        {
          "tag": "SEX",
          "value": "M"
        },
        {
          "place": "تهران",
          "tag": "BIRT"
        }
      ]
    },
    {
      "fams": [
        {
          "ref": "F35"
        }
      ],
      "id": "I92",
      "names": [
        {
          "value": "زهرا /سادات/"
        }
      ],
      "chan": {
        "date": {
          "time": "17:55:40",
          "value": "21 MAY 2025"
        },
        "extensions": {
          "zone": "Asia/Tehran"
        }
      },
      "eventsFacts": [
        {
          "tag": "SEX",
          "value": "F"
        }
      ]
    },
    {
      "famc": [
        {
          "ref": "F34"
        }
      ],
      "id": "I93",
      "names": [
        {
          "value": "امیر مهدی /جوادی/"
        }
      ],
      "chan": {
        "date": {
          "time": "17:55:54",
          "value": "21 MAY 2025"
        },
        "extensions": {
          "zone": "Asia/Tehran"
        }
      },
      "eventsFacts": [
        {
          "tag": "SEX",
          "value": "M"
        }
      ]
    },
    {
      "famc": [
        {
          "ref": "F34"
        }
      ],
      "id": "I94",
      "names": [
        {
          "value": "زهرا /جوادی/"
        }
      ],
      "chan": {
        "date": {
          "time": "17:56:08",
          "value": "21 MAY 2025"
        },
        "extensions": {
          "zone": "Asia/Tehran"
        }
      },
      "eventsFacts": [
        {
          "tag": "SEX",
          "value": "F"
        }
      ]
    },
    {
      "fams": [
        {
          "ref": "F36"
        }
      ],
      "id": "I95",
      "names": [
        {
          "value": "نسرین //"
        }
      ],
      "chan": {
        "date": {
          "time": "17:56:49",
          "value": "21 MAY 2025"
        },
        "extensions": {
          "zone": "Asia/Tehran"
        }
      },
      "eventsFacts": [
        {
          "tag": "SEX",
          "value": "F"
        },
        {
          "place": "نوشهر",
          "tag": "BIRT"
        }
      ]
    },
    {
      "famc": [
        {
          "ref": "F36"
        }
      ],
      "id": "I96",
      "names": [
        {
          "value": "دل آریس /جوادی/"
        }
      ],
      "chan": {
        "date": {
          "time": "17:57:31",
          "value": "21 MAY 2025"
        },
        "extensions": {
          "zone": "Asia/Tehran"
        }
      },
      "eventsFacts": [
        {
          "tag": "SEX",
          "value": "F"
        }
      ]
    },
    {
      "famc": [
        {
          "ref": "F36"
        }
      ],
      "id": "I97",
      "names": [
        {
          "value": "دل آوین /جوادی/"
        }
      ],
      "chan": {
        "date": {
          "time": "17:57:44",
          "value": "21 MAY 2025"
        },
        "extensions": {
          "zone": "Asia/Tehran"
        }
      },
      "eventsFacts": [
        {
          "tag": "SEX",
          "value": "F"
        }
      ]
    },
    {
      "fams": [
        {
          "ref": "F37"
        }
      ],
      "id": "I98",
      "names": [
        {
          "value": " //"
        }
      ],
      "chan": {
        "date": {
          "time": "17:59:06",
          "value": "21 MAY 2025"
        },
        "extensions": {
          "zone": "Asia/Tehran"
        }
      }
    },
    {
      "famc": [
        {
          "ref": "F37"
        }
      ],
      "id": "I99",
      "names": [
        {
          "value": "فریناز /جوادی/"
        }
      ],
      "chan": {
        "date": {
          "time": "17:59:35",
          "value": "21 MAY 2025"
        },
        "extensions": {
          "zone": "Asia/Tehran"
        }
      },
      "eventsFacts": [
        {
          "tag": "SEX",
          "value": "F"
        }
      ]
    },
    {
      "famc": [
        {
          "ref": "F32"
        }
      ],
      "id": "I100",
      "names": [
        {
          "value": "سمیه /باغ نی/"
        }
      ],
      "chan": {
        "date": {
          "time": "18:00:02",
          "value": "21 MAY 2025"
        },
        "extensions": {
          "zone": "Asia/Tehran"
        }
      },
      "eventsFacts": [
        {
          "tag": "SEX",
          "value": "F"
        }
      ]
    },
    {
      "famc": [
        {
          "ref": "F32"
        }
      ],
      "id": "I101",
      "names": [
        {
          "value": "داوود /باغ نی/"
        }
      ],
      "chan": {
        "date": {
          "time": "18:00:19",
          "value": "21 MAY 2025"
        },
        "extensions": {
          "zone": "Asia/Tehran"
        }
      },
      "eventsFacts": [
        {
          "tag": "SEX",
          "value": "M"
        }
      ]
    },
    {
      "famc": [
        {
          "ref": "F32"
        }
      ],
      "id": "I102",
      "names": [
        {
          "value": "علی /باغ نی/"
        }
      ],
      "chan": {
        "date": {
          "time": "18:00:33",
          "value": "21 MAY 2025"
        },
        "extensions": {
          "zone": "Asia/Tehran"
        }
      },
      "eventsFacts": [
        {
          "tag": "SEX",
          "value": "M"
        }
      ]
    },
    {
      "famc": [
        {
          "ref": "F32"
        }
      ],
      "id": "I103",
      "names": [
        {
          "value": "فاطمه /باغ نی/"
        }
      ],
      "chan": {
        "date": {
          "time": "18:00:46",
          "value": "21 MAY 2025"
        },
        "extensions": {
          "zone": "Asia/Tehran"
        }
      },
      "eventsFacts": [
        {
          "tag": "SEX",
          "value": "F"
        }
      ]
    },
    {
      "famc": [
        {
          "ref": "F25"
        }
      ],
      "fams": [
        {
          "ref": "F38"
        }
      ],
      "id": "I104",
      "names": [
        {
          "value": "مریم /جوادی/"
        }
      ],
      "chan": {
        "date": {
          "time": "18:02:04",
          "value": "21 MAY 2025"
        },
        "extensions": {
          "zone": "Asia/Tehran"
        }
      },
      "eventsFacts": [
        {
          "tag": "SEX",
          "value": "F"
        }
      ]
    },
    {
      "fams": [
        {
          "ref": "F38"
        }
      ],
      "id": "I105",
      "names": [
        {
          "value": "علی /دیهول/"
        }
      ],
      "chan": {
        "date": {
          "time": "18:02:04",
          "value": "21 MAY 2025"
        },
        "extensions": {
          "zone": "Asia/Tehran"
        }
      },
      "eventsFacts": [
        {
          "tag": "SEX",
          "value": "M"
        }
      ]
    },
    {
      "famc": [
        {
          "ref": "F38"
        }
      ],
      "id": "I106",
      "names": [
        {
          "value": "الهه /دیهول/"
        }
      ],
      "chan": {
        "date": {
          "time": "18:02:15",
          "value": "21 MAY 2025"
        },
        "extensions": {
          "zone": "Asia/Tehran"
        }
      },
      "eventsFacts": [
        {
          "tag": "SEX",
          "value": "F"
        }
      ]
    },
    {
      "famc": [
        {
          "ref": "F38"
        }
      ],
      "id": "I107",
      "names": [
        {
          "value": "مبینا /دیهول/"
        }
      ],
      "chan": {
        "date": {
          "time": "18:02:36",
          "value": "21 MAY 2025"
        },
        "extensions": {
          "zone": "Asia/Tehran"
        }
      },
      "eventsFacts": [
        {
          "tag": "SEX",
          "value": "F"
        }
      ]
    },
    {
      "fams": [
        {
          "ref": "F39"
        }
      ],
      "id": "I108",
      "names": [
        {
          "value": "عباس /ابراهیمی/"
        }
      ],
      "chan": {
        "date": {
          "time": "18:03:21",
          "value": "21 MAY 2025"
        },
        "extensions": {
          "zone": "Asia/Tehran"
        }
      },
      "eventsFacts": [
        {
          "tag": "SEX",
          "value": "M"
        },
        {
          "place": "قمصر",
          "tag": "BIRT"
        },
        {
          "place": "تهران",
          "tag": "DEAT"
        }
      ]
    },
    {
      "fams": [
        {
          "ref": "F39"
        }
      ],
      "id": "I109",
      "names": [
        {
          "value": "نازنین /سادات/"
        }
      ],
      "chan": {
        "date": {
          "time": "18:03:40",
          "value": "21 MAY 2025"
        },
        "extensions": {
          "zone": "Asia/Tehran"
        }
      },
      "eventsFacts": [
        {
          "tag": "SEX",
          "value": "F"
        },
        {
          "tag": "DEAT",
          "value": "Y"
        }
      ]
    },
    {
      "fams": [
        {
          "ref": "F40"
        }
      ],
      "id": "I110",
      "names": [
        {
          "value": "ماشالله /جوادی/"
        }
      ],
      "chan": {
        "date": {
          "time": "18:04:16",
          "value": "21 MAY 2025"
        },
        "extensions": {
          "zone": "Asia/Tehran"
        }
      },
      "eventsFacts": [
        {
          "tag": "SEX",
          "value": "M"
        },
        {
          "place": "تهران",
          "tag": "DEAT"
        }
      ]
    },
    {
      "famc": [
        {
          "ref": "F40"
        }
      ],
      "fams": [
        {
          "ref": "F41"
        }
      ],
      "id": "I111",
      "names": [
        {
          "value": "عباس /جوادی/"
        }
      ],
      "chan": {
        "date": {
          "time": "18:06:25",
          "value": "21 MAY 2025"
        },
        "extensions": {
          "zone": "Asia/Tehran"
        }
      },
      "eventsFacts": [
        {
          "tag": "SEX",
          "value": "M"
        }
      ]
    },
    {
      "famc": [
        {
          "ref": "F40"
        }
      ],
      "fams": [
        {
          "ref": "F42"
        }
      ],
      "id": "I112",
      "names": [
        {
          "value": "حاج اسماعیل /جوادی/"
        }
      ],
      "chan": {
        "date": {
          "time": "18:08:19",
          "value": "21 MAY 2025"
        },
        "extensions": {
          "zone": "Asia/Tehran"
        }
      },
      "eventsFacts": [
        {
          "tag": "SEX",
          "value": "M"
        }
      ]
    },
    {
      "famc": [
        {
          "ref": "F40"
        }
      ],
      "fams": [
        {
          "ref": "F43"
        }
      ],
      "id": "I113",
      "names": [
        {
          "value": "حسین /جودار/"
        }
      ],
      "chan": {
        "date": {
          "time": "18:10:41",
          "value": "21 MAY 2025"
        },
        "extensions": {
          "zone": "Asia/Tehran"
        }
      },
      "eventsFacts": [
        {
          "tag": "SEX",
          "value": "M"
        }
      ]
    },
    {
      "famc": [
        {
          "ref": "F40"
        }
      ],
      "fams": [
        {
          "ref": "F44"
        }
      ],
      "id": "I114",
      "names": [
        {
          "value": "اکرم /جودار/"
        }
      ],
      "chan": {
        "date": {
          "time": "18:12:45",
          "value": "21 MAY 2025"
        },
        "extensions": {
          "zone": "Asia/Tehran"
        }
      },
      "eventsFacts": [
        {
          "tag": "SEX",
          "value": "F"
        }
      ]
    },
    {
      "famc": [
        {
          "ref": "F40"
        }
      ],
      "fams": [
        {
          "ref": "F45"
        }
      ],
      "id": "I115",
      "names": [
        {
          "value": "اعظم /جوادی/"
        }
      ],
      "chan": {
        "date": {
          "time": "18:11:55",
          "value": "21 MAY 2025"
        },
        "extensions": {
          "zone": "Asia/Tehran"
        }
      },
      "eventsFacts": [
        {
          "tag": "SEX",
          "value": "F"
        }
      ]
    },
    {
      "fams": [
        {
          "ref": "F41"
        }
      ],
      "id": "I116",
      "names": [
        {
          "value": " //"
        }
      ],
      "chan": {
        "date": {
          "time": "18:06:25",
          "value": "21 MAY 2025"
        },
        "extensions": {
          "zone": "Asia/Tehran"
        }
      },
      "eventsFacts": [
        {
          "tag": "SEX",
          "value": "F"
        }
      ]
    },
    {
      "famc": [
        {
          "ref": "F41"
        }
      ],
      "id": "I117",
      "names": [
        {
          "value": "حجت /جوادی/"
        }
      ],
      "chan": {
        "date": {
          "time": "18:06:54",
          "value": "21 MAY 2025"
        },
        "extensions": {
          "zone": "Asia/Tehran"
        }
      },
      "eventsFacts": [
        {
          "tag": "SEX",
          "value": "M"
        }
      ]
    },
    {
      "famc": [
        {
          "ref": "F41"
        }
      ],
      "id": "I118",
      "names": [
        {
          "value": "رسول /جوادی/"
        }
      ],
      "chan": {
        "date": {
          "time": "18:07:10",
          "value": "21 MAY 2025"
        },
        "extensions": {
          "zone": "Asia/Tehran"
        }
      },
      "eventsFacts": [
        {
          "tag": "SEX",
          "value": "M"
        }
      ]
    },
    {
      "famc": [
        {
          "ref": "F41"
        }
      ],
      "id": "I119",
      "names": [
        {
          "value": "مجتبی /جوادی/"
        }
      ],
      "chan": {
        "date": {
          "time": "18:07:27",
          "value": "21 MAY 2025"
        },
        "extensions": {
          "zone": "Asia/Tehran"
        }
      },
      "eventsFacts": [
        {
          "tag": "SEX",
          "value": "M"
        }
      ]
    },
    {
      "famc": [
        {
          "ref": "F41"
        }
      ],
      "id": "I120",
      "names": [
        {
          "value": "ابراهیم /جوادی/"
        }
      ],
      "chan": {
        "date": {
          "time": "18:07:40",
          "value": "21 MAY 2025"
        },
        "extensions": {
          "zone": "Asia/Tehran"
        }
      },
      "eventsFacts": [
        {
          "tag": "SEX",
          "value": "M"
        }
      ]
    },
    {
      "famc": [
        {
          "ref": "F42"
        }
      ],
      "id": "I121",
      "names": [
        {
          "value": "نسرین /جوادی/"
        }
      ],
      "chan": {
        "date": {
          "time": "18:08:19",
          "value": "21 MAY 2025"
        },
        "extensions": {
          "zone": "Asia/Tehran"
        }
      },
      "eventsFacts": [
        {
          "tag": "SEX",
          "value": "F"
        }
      ]
    },
    {
      "famc": [
        {
          "ref": "F42"
        }
      ],
      "id": "I122",
      "names": [
        {
          "value": "علی /جوادی/"
        }
      ],
      "chan": {
        "date": {
          "time": "18:08:32",
          "value": "21 MAY 2025"
        },
        "extensions": {
          "zone": "Asia/Tehran"
        }
      },
      "eventsFacts": [
        {
          "tag": "SEX",
          "value": "M"
        }
      ]
    },
    {
      "famc": [
        {
          "ref": "F42"
        }
      ],
      "id": "I123",
      "names": [
        {
          "value": "ابوالفضل /جوادی/"
        }
      ],
      "chan": {
        "date": {
          "time": "18:09:09",
          "value": "21 MAY 2025"
        },
        "extensions": {
          "zone": "Asia/Tehran"
        }
      },
      "eventsFacts": [
        {
          "tag": "SEX",
          "value": "M"
        }
      ]
    },
    {
      "famc": [
        {
          "ref": "F42"
        }
      ],
      "id": "I124",
      "names": [
        {
          "value": "الهام /جوادی/"
        }
      ],
      "chan": {
        "date": {
          "time": "18:09:24",
          "value": "21 MAY 2025"
        },
        "extensions": {
          "zone": "Asia/Tehran"
        }
      },
      "eventsFacts": [
        {
          "tag": "SEX",
          "value": "F"
        }
      ]
    },
    {
      "famc": [
        {
          "ref": "F42"
        }
      ],
      "id": "I125",
      "names": [
        {
          "value": "منصوره /جوادی/"
        }
      ],
      "chan": {
        "date": {
          "time": "18:09:36",
          "value": "21 MAY 2025"
        },
        "extensions": {
          "zone": "Asia/Tehran"
        }
      },
      "eventsFacts": [
        {
          "tag": "SEX",
          "value": "F"
        }
      ]
    },
    {
      "fams": [
        {
          "ref": "F43"
        }
      ],
      "id": "I126",
      "names": [
        {
          "value": "کبری //"
        }
      ],
      "chan": {
        "date": {
          "time": "18:09:55",
          "value": "21 MAY 2025"
        },
        "extensions": {
          "zone": "Asia/Tehran"
        }
      },
      "eventsFacts": [
        {
          "tag": "SEX",
          "value": "F"
        }
      ]
    },
    {
      "famc": [
        {
          "ref": "F43"
        }
      ],
      "id": "I127",
      "names": [
        {
          "value": "فاطمه /جودار/"
        }
      ],
      "chan": {
        "date": {
          "time": "18:10:24",
          "value": "21 MAY 2025"
        },
        "extensions": {
          "zone": "Asia/Tehran"
        }
      },
      "eventsFacts": [
        {
          "tag": "SEX",
          "value": "F"
        }
      ]
    },
    {
      "famc": [
        {
          "ref": "F44"
        }
      ],
      "id": "I128",
      "names": [
        {
          "value": "محمد //"
        }
      ],
      "chan": {
        "date": {
          "time": "18:11:24",
          "value": "21 MAY 2025"
        },
        "extensions": {
          "zone": "Asia/Tehran"
        }
      },
      "eventsFacts": [
        {
          "tag": "SEX",
          "value": "M"
        }
      ]
    },
    {
      "fams": [
        {
          "ref": "F44"
        }
      ],
      "id": "I129",
      "names": [
        {
          "value": "رضا //"
        }
      ],
      "chan": {
        "date": {
          "time": "18:11:39",
          "value": "21 MAY 2025"
        },
        "extensions": {
          "zone": "Asia/Tehran"
        }
      },
      "eventsFacts": [
        {
          "tag": "SEX",
          "value": "M"
        }
      ]
    },
    {
      "fams": [
        {
          "ref": "F45"
        }
      ],
      "id": "I130",
      "names": [
        {
          "value": "علی /شاکری/"
        }
      ],
      "chan": {
        "date": {
          "time": "18:11:55",
          "value": "21 MAY 2025"
        },
        "extensions": {
          "zone": "Asia/Tehran"
        }
      },
      "eventsFacts": [
        {
          "tag": "SEX",
          "value": "M"
        }
      ]
    },
    {
      "famc": [
        {
          "ref": "F44"
        }
      ],
      "id": "I131",
      "names": [
        {
          "value": "فاطمه //"
        }
      ],
      "chan": {
        "date": {
          "time": "18:12:10",
          "value": "21 MAY 2025"
        },
        "extensions": {
          "zone": "Asia/Tehran"
        }
      },
      "eventsFacts": [
        {
          "tag": "SEX",
          "value": "F"
        }
      ]
    }
  ]
}