{
  "families": [
    {
      "childRefs": [
        {
          "ref": "I3"
        }
      ],
      "husbandRefs": [
        {
          "ref": "I1"
        },
        {
          "ref": "I2"
        }
      ],
      "id": "F1",
      "chan": {
        "date": {
          "time": "11:47:45",
          "value": "14 APR 2025"
        },
        "extensions": {
          "zone": "Asia/Tehran"
        }
      }
    },
    {
      "childRefs": [
        {
          "ref": "I1"
        },
        {
          "ref": "I5"
        },
        {
          "ref": "I16"
        },
        {
          "ref": "I29"
        },
        {
          "ref": "I42"
        }
      ],
      "husbandRefs": [
        {
          "ref": "I4"
        }
      ],
      "id": "F2",
      "wifeRefs": [
        {
          "ref": "I24"
        }
      ],
      "chan": {
        "date": {
          "time": "17:01:23",
          "value": "14 APR 2025"
        },
        "extensions": {
          "zone": "Asia/Tehran"
        }
      }
    },
    {
      "childRefs": [
        {
          "ref": "I6"
        },
        {
          "ref": "I7"
        },
        {
          "ref": "I35"
        },
        {
          "ref": "I36"
        },
        {
          "ref": "I37"
        },
        {
          "ref": "I38"
        }
      ],
      "husbandRefs": [
        {
          "ref": "I5"
        }
      ],
      "id": "F3",
      "wifeRefs": [
        {
          "ref": "I50"
        }
      ],
      "chan": {
        "date": {
          "time": "19:47:25",
          "value": "14 APR 2025"
        },
        "extensions": {
          "zone": "Asia/Tehran"
        }
      }
    },
    {
      "childRefs": [
        {
          "ref": "I10"
        },
        {
          "ref": "I12"
        }
      ],
      "husbandRefs": [
        {
          "ref": "I7"
        }
      ],
      "id": "F4",
      "wifeRefs": [],
      "chan": {
        "date": {
          "time": "16:59:07",
          "value": "14 APR 2025"
        },
        "extensions": {
          "zone": "Asia/Tehran"
        }
      }
    },
    {
      "childRefs": [
        {
          "ref": "I11"
        }
      ],
      "husbandRefs": [
        {
          "ref": "I7"
        }
      ],
      "id": "F5",
      "wifeRefs": [],
      "chan": {
        "date": {
          "time": "16:58:26",
          "value": "14 APR 2025"
        },
        "extensions": {
          "zone": "Asia/Tehran"
        }
      }
    },
    {
      "childRefs": [
        {
          "ref": "I13"
        },
        {
          "ref": "I14"
        }
      ],
      "husbandRefs": [
        {
          "ref": "I6"
        }
      ],
      "id": "F6",
      "wifeRefs": [
        {
          "ref": "I15"
        }
      ],
      "chan": {
        "date": {
          "time": "11:54:52",
          "value": "14 APR 2025"
        },
        "extensions": {
          "zone": "Asia/Tehran"
        }
      }
    },
    {
      "childRefs": [
        {
          "ref": "I4"
        }
      ],
      "husbandRefs": [
        {
          "ref": "I47"
        }
      ],
      "id": "F9",
      "wifeRefs": [
        {
          "ref": "I19"
        }
      ],
      "chan": {
        "date": {
          "time": "17:34:29",
          "value": "14 APR 2025"
        },
        "extensions": {
          "zone": "Asia/Tehran"
        }
      }
    },
    {
      "childRefs": [
        {
          "ref": "I19"
        },
        {
          "ref": "I21"
        }
      ],
      "husbandRefs": [
        {
          "ref": "I20"
        },
        {
          "ref": "I70"
        }
      ],
      "id": "F10",
      "chan": {
        "date": {
          "time": "01:00:59",
          "value": "11 MAY 2025"
        },
        "extensions": {
          "zone": "Asia/Tehran"
        }
      }
    },
    {
      "childRefs": [
        {
          "ref": "I22"
        },
        {
          "ref": "I23"
        }
      ],
      "husbandRefs": [
        {
          "ref": "I21"
        }
      ],
      "id": "F11",
      "chan": {
        "date": {
          "time": "12:48:39",
          "value": "14 APR 2025"
        },
        "extensions": {
          "zone": "Asia/Tehran"
        }
      }
    },
    {
      "childRefs": [
        {
          "ref": "I24"
        },
        {
          "ref": "I25"
        },
        {
          "ref": "I18"
        }
      ],
      "husbandRefs": [
        {
          "ref": "I26"
        }
      ],
      "id": "F12",
      "chan": {
        "date": {
          "time": "12:54:22",
          "value": "14 APR 2025"
        },
        "extensions": {
          "zone": "Asia/Tehran"
        }
      }
    },
    {
      "childRefs": [
        {
          "ref": "I26"
        },
        {
          "ref": "I27"
        }
      ],
      "id": "F13",
      "chan": {
        "date": {
          "time": "12:53:32",
          "value": "14 APR 2025"
        },
        "extensions": {
          "zone": "Asia/Tehran"
        }
      }
    },
    {
      "childRefs": [
        {
          "ref": "I28"
        }
      ],
      "husbandRefs": [
        {
          "ref": "I18"
        }
      ],
      "id": "F14",
      "chan": {
        "date": {
          "time": "12:57:27",
          "value": "14 APR 2025"
        },
        "extensions": {
          "zone": "Asia/Tehran"
        }
      }
    },
    {
      "childRefs": [
        {
          "ref": "I45"
        }
      ],
      "husbandRefs": [
        {
          "ref": "I16"
        }
      ],
      "id": "F15",
      "wifeRefs": [
        {
          "ref": "I28"
        }
      ],
      "chan": {
        "date": {
          "time": "17:02:08",
          "value": "14 APR 2025"
        },
        "extensions": {
          "zone": "Asia/Tehran"
        }
      }
    },
    {
      "childRefs": [
        {
          "ref": "I31"
        },
        {
          "ref": "I32"
        },
        {
          "ref": "I33"
        }
      ],
      "husbandRefs": [
        {
          "ref": "I30"
        }
      ],
      "id": "F16",
      "wifeRefs": [
        {
          "ref": "I29"
        }
      ],
      "chan": {
        "date": {
          "time": "13:24:57",
          "value": "14 APR 2025"
        },
        "extensions": {
          "zone": "Asia/Tehran"
        }
      }
    },
    {
      "childRefs": [
        {
          "ref": "I34"
        }
      ],
      "husbandRefs": [
        {
          "ref": "I32"
        }
      ],
      "id": "F17",
      "chan": {
        "date": {
          "time": "13:26:58",
          "value": "14 APR 2025"
        },
        "extensions": {
          "zone": "Asia/Tehran"
        }
      }
    },
    {
      "childRefs": [
        {
          "ref": "I39"
        },
        {
          "ref": "I49"
        }
      ],
      "husbandRefs": [
        {
          "ref": "I48"
        }
      ],
      "id": "F18",
      "wifeRefs": [
        {
          "ref": "I38"
        }
      ],
      "chan": {
        "date": {
          "time": "19:46:49",
          "value": "14 APR 2025"
        },
        "extensions": {
          "zone": "Asia/Tehran"
        }
      }
    },
    {
      "childRefs": [
        {
          "ref": "I40"
        },
        {
          "ref": "I41"
        }
      ],
      "husbandRefs": [
        {
          "ref": "I35"
        }
      ],
      "id": "F19",
      "wifeRefs": [
        {
          "ref": "I46"
        }
      ],
      "chan": {
        "date": {
          "time": "17:19:15",
          "value": "14 APR 2025"
        },
        "extensions": {
          "zone": "Asia/Tehran"
        }
      }
    },
    {
      "childRefs": [
        {
          "ref": "I44"
        }
      ],
      "husbandRefs": [
        {
          "ref": "I43"
        }
      ],
      "id": "F20",
      "wifeRefs": [
        {
          "ref": "I42"
        }
      ],
      "chan": {
        "date": {
          "time": "17:01:52",
          "value": "14 APR 2025"
        },
        "extensions": {
          "zone": "Asia/Tehran"
        }
      }
    },
    {
      "childRefs": [
        {
          "ref": "I50"
        },
        {
          "ref": "I51"
        },
        {
          "ref": "I55"
        },
        {
          "ref": "I56"
        },
        {
          "ref": "I57"
        },
        {
          "ref": "I63"
        }
      ],
      "husbandRefs": [
        {
          "ref": "I53"
        }
      ],
      "id": "F21",
      "wifeRefs": [
        {
          "ref": "I52"
        }
      ],
      "chan": {
        "date": {
          "time": "20:39:18",
          "value": "7 MAY 2025"
        },
        "extensions": {
          "zone": "Asia/Tehran"
        }
      }
    },
    {
      "childRefs": [
        {
          "ref": "I53"
        },
        {
          "ref": "I58"
        },
        {
          "ref": "I59"
        }
      ],
      "husbandRefs": [
        {
          "ref": "I60"
        }
      ],
      "id": "F22",
      "chan": {
        "date": {
          "time": "19:50:46",
          "value": "14 APR 2025"
        },
        "extensions": {
          "zone": "Asia/Tehran"
        }
      }
    },
    {
      "childRefs": [
        {
          "ref": "I60"
        }
      ],
      "husbandRefs": [
        {
          "ref": "I61"
        }
      ],
      "id": "F23",
      "chan": {
        "date": {
          "time": "19:50:58",
          "value": "14 APR 2025"
        },
        "extensions": {
          "zone": "Asia/Tehran"
        }
      }
    },
    {
      "childRefs": [
        {
          "ref": "I46"
        },
        {
          "ref": "I62"
        }
      ],
      "husbandRefs": [
        {
          "ref": "I64"
        }
      ],
      "id": "F24",
      "wifeRefs": [
        {
          "ref": "I63"
        }
      ],
      "chan": {
        "date": {
          "time": "20:36:08",
          "value": "7 MAY 2025"
        },
        "extensions": {
          "zone": "Asia/Tehran"
        }
      }
    },
    {
      "childRefs": [
        {
          "ref": "I15"
        },
        {
          "ref": "I65"
        },
        {
          "ref": "I66"
        },
        {
          "ref": "I69"
        }
      ],
      "husbandRefs": [
        {
          "ref": "I67"
        },
        {
          "ref": "I68"
        }
      ],
      "id": "F25",
      "chan": {
        "date": {
          "time": "01:00:13",
          "value": "11 MAY 2025"
        },
        "extensions": {
          "zone": "Asia/Tehran"
        }
      }
    }
  ],
  "head": {
    "charset": {
      "value": "UTF-8"
    },
    "date": {
      "time": "01:00:59",
      "value": "11 MAY 2025"
    },
    "file": "1.json",
    "gedc": {
      "form": "LINEAGE-LINKED",
      "vers": "5.5.1"
    },
    "lang": "Persian",
    "sour": {
      "name": "Family Gem",
      "value": "FAMILY_GEM",
      "vers": "0.8"
    }
  },
  "people": [
    {
      "famc": [
        {
          "ref": "F2"
        }
      ],
      "fams": [
        {
          "ref": "F1"
        }
      ],
      "id": "I1",
      "names": [
        {
          "value": "حسن /حسینی نژاد/"
        }
      ],
      "chan": {
        "date": {
          "time": "11:50:39",
          "value": "14 APR 2025"
        },
        "extensions": {
          "zone": "Asia/Tehran"
        }
      },
      "eventsFacts": [
        {
          "tag": "SEX",
          "value": "M"
        },
        {
          "tag": "DEAT",
          "value": "Y"
        }
      ],
      "notes": [
        {
          "sourceCitationsUnderValue": false,
          "value": "تتبتبابتبتز"
        }
      ],
      "extensions": {
        "kin": 7
      }
    },
    {
      "fams": [
        {
          "ref": "F1"
        }
      ],
      "id": "I2",
      "names": [
        {
          "value": "خاتون /عرب زاده/"
        }
      ],
      "chan": {
        "date": {
          "time": "11:48:17",
          "value": "14 APR 2025"
        },
        "extensions": {
          "zone": "Asia/Tehran"
        }
      },
      "extensions": {
        "kin": 3
      }
    },
    {
      "famc": [
        {
          "ref": "F1"
        }
      ],
      "id": "I3",
      "names": [
        {
          "value": "عبدالله /حسینی نژاد/"
        }
      ],
      "chan": {
        "date": {
          "time": "11:47:45",
          "value": "14 APR 2025"
        },
        "extensions": {
          "zone": "Asia/Tehran"
        }
      },
      "eventsFacts": [
        {
          "tag": "SEX",
          "value": "M"
        },
        {
          "tag": "DEAT",
          "value": "Y"
        }
      ]
    },
    {
      "famc": [
        {
          "ref": "F9"
        }
      ],
      "fams": [
        {
          "ref": "F2"
        }
      ],
      "id": "I4",
      "names": [
        {
          "value": "عبدالله /حسینی نژاد/"
        }
      ],
      "chan": {
        "date": {
          "time": "12:44:50",
          "value": "14 APR 2025"
        },
        "extensions": {
          "zone": "Asia/Tehran"
        }
      },
      "eventsFacts": [
        {
          "tag": "SEX",
          "value": "M"
        },
        {
          "tag": "DEAT",
          "value": "Y"
        }
      ],
      "notes": [
        {
          "sourceCitationsUnderValue": false,
          "value": "خدا رحمتت کنه"
        }
      ],
      "extensions": {
        "kin": 8
      }
    },
    {
      "famc": [
        {
          "ref": "F2"
        }
      ],
      "fams": [
        {
          "ref": "F3"
        }
      ],
      "id": "I5",
      "names": [
        {
          "value": "حاج غلامحسین /حسینی نژاد/"
        }
      ],
      "chan": {
        "date": {
          "time": "11:51:36",
          "value": "14 APR 2025"
        },
        "extensions": {
          "zone": "Asia/Tehran"
        }
      },
      "eventsFacts": [
        {
          "tag": "SEX",
          "value": "M"
        },
        {
          "tag": "DEAT",
          "value": "Y"
        }
      ],
      "extensions": {
        "kin": 12
      }
    },
    {
      "famc": [
        {
          "ref": "F3"
        }
      ],
      "fams": [
        {
          "ref": "F6"
        }
      ],
      "id": "I6",
      "names": [
        {
          "value": "علی /حسینی نژاد/"
        }
      ],
      "chan": {
        "date": {
          "time": "11:54:29",
          "value": "14 APR 2025"
        },
        "extensions": {
          "zone": "Asia/Tehran"
        }
      },
      "eventsFacts": [
        {
          "tag": "SEX",
          "value": "M"
        }
      ],
      "extensions": {
        "kin": 5
      }
    },
    {
      "famc": [
        {
          "ref": "F3"
        }
      ],
      "fams": [
        {
          "ref": "F4"
        },
        {
          "ref": "F5"
        }
      ],
      "id": "I7",
      "names": [
        {
          "value": "محمد /حسینی نژاد/"
        }
      ],
      "chan": {
        "date": {
          "time": "09:24:18",
          "value": "9 MAY 2025"
        },
        "extensions": {
          "zone": "Asia/Tehran"
        }
      },
      "eventsFacts": [
        {
          "tag": "SEX",
          "value": "M"
        },
        {
          "date": "۱ DEC ۱۰۰",
          "place": "بوشهر",
          "tag": "BIRT"
        }
      ],
      "extensions": {
        "kin": 9
      }
    },
    {
      "famc": [
        {
          "ref": "F4"
        }
      ],
      "id": "I10",
      "names": [
        {
          "value": "الهه /حسینی نژاد/"
        }
      ],
      "chan": {
        "date": {
          "time": "11:53:09",
          "value": "14 APR 2025"
        },
        "extensions": {
          "zone": "Asia/Tehran"
        }
      },
      "eventsFacts": [
        {
          "tag": "SEX",
          "value": "F"
        }
      ]
    },
    {
      "famc": [
        {
          "ref": "F5"
        }
      ],
      "id": "I11",
      "names": [
        {
          "value": "بنیامین /حسینی نژاد/"
        }
      ],
      "chan": {
        "date": {
          "time": "11:53:44",
          "value": "14 APR 2025"
        },
        "extensions": {
          "zone": "Asia/Tehran"
        }
      },
      "eventsFacts": [
        {
          "tag": "SEX",
          "value": "M"
        }
      ]
    },
    {
      "famc": [
        {
          "ref": "F4"
        }
      ],
      "id": "I12",
      "names": [
        {
          "value": "الناز /حسینی نژاد/"
        }
      ],
      "chan": {
        "date": {
          "time": "11:54:13",
          "value": "14 APR 2025"
        },
        "extensions": {
          "zone": "Asia/Tehran"
        }
      },
      "eventsFacts": [
        {
          "tag": "SEX",
          "value": "F"
        }
      ]
    },
    {
      "famc": [
        {
          "ref": "F6"
        }
      ],
      "id": "I13",
      "names": [
        {
          "value": "بهاره /حسینی نژاد/"
        }
      ],
      "chan": {
        "date": {
          "time": "11:54:29",
          "value": "14 APR 2025"
        },
        "extensions": {
          "zone": "Asia/Tehran"
        }
      },
      "eventsFacts": [
        {
          "tag": "SEX",
          "value": "F"
        }
      ],
      "extensions": {
        "kin": 3
      }
    },
    {
      "famc": [
        {
          "ref": "F6"
        }
      ],
      "id": "I14",
      "names": [
        {
          "value": "بهداد /حسینی نژاد/"
        }
      ],
      "chan": {
        "date": {
          "time": "11:54:38",
          "value": "14 APR 2025"
        },
        "extensions": {
          "zone": "Asia/Tehran"
        }
      },
      "eventsFacts": [
        {
          "tag": "SEX",
          "value": "M"
        }
      ]
    },
    {
      "famc": [
        {
          "ref": "F25"
        }
      ],
      "fams": [
        {
          "ref": "F6"
        }
      ],
      "id": "I15",
      "names": [
        {
          "value": "آمنه /جوادی/"
        }
      ],
      "chan": {
        "date": {
          "time": "23:14:09",
          "value": "10 MAY 2025"
        },
        "extensions": {
          "zone": "Asia/Tehran"
        }
      },
      "eventsFacts": [
        {
          "tag": "SEX",
          "value": "F"
        }
      ],
      "extensions": {
        "kin": 4
      }
    },
    {
      "famc": [
        {
          "ref": "F2"
        }
      ],
      "fams": [
        {
          "ref": "F15"
        }
      ],
      "id": "I16",
      "names": [
        {
          "value": "حاج بهمنیار /حسینی نژاد/"
        }
      ],
      "chan": {
        "date": {
          "time": "12:57:47",
          "value": "14 APR 2025"
        },
        "extensions": {
          "zone": "Asia/Tehran"
        }
      },
      "eventsFacts": [
        {
          "tag": "SEX",
          "value": "M"
        },
        {
          "tag": "DEAT",
          "value": "Y"
        }
      ],
      "extensions": {
        "kin": 7
      }
    },
    {
      "id": "I17",
      "names": [
        {
          "value": "کبری /نصیحت کن/"
        }
      ],
      "chan": {
        "date": {
          "time": "12:55:27",
          "value": "14 APR 2025"
        },
        "extensions": {
          "zone": "Asia/Tehran"
        }
      },
      "eventsFacts": [
        {
          "tag": "SEX",
          "value": "F"
        }
      ],
      "extensions": {
        "kin": 2
      }
    },
    {
      "famc": [
        {
          "ref": "F12"
        }
      ],
      "fams": [
        {
          "ref": "F14"
        }
      ],
      "id": "I18",
      "names": [
        {
          "value": "شیخ محمد /نصیحت کن/"
        }
      ],
      "chan": {
        "date": {
          "time": "12:57:27",
          "value": "14 APR 2025"
        },
        "extensions": {
          "zone": "Asia/Tehran"
        }
      },
      "eventsFacts": [
        {
          "tag": "SEX",
          "value": "M"
        },
        {
          "tag": "DEAT",
          "value": "Y"
        }
      ],
      "extensions": {
        "kin": 3
      }
    },
    {
      "famc": [
        {
          "ref": "F10"
        }
      ],
      "fams": [
        {
          "ref": "F9"
        }
      ],
      "id": "I19",
      "names": [
        {
          "value": "فاطمه //"
        }
      ],
      "chan": {
        "date": {
          "time": "12:45:56",
          "value": "14 APR 2025"
        },
        "extensions": {
          "zone": "Asia/Tehran"
        }
      },
      "eventsFacts": [
        {
          "tag": "SEX",
          "value": "F"
        },
        {
          "tag": "DEAT",
          "value": "Y"
        }
      ],
      "extensions": {
        "kin": 3
      }
    },
    {
      "fams": [
        {
          "ref": "F10"
        }
      ],
      "id": "I20",
      "names": [
        {
          "value": "زائر علی //"
        }
      ],
      "chan": {
        "date": {
          "time": "12:45:56",
          "value": "14 APR 2025"
        },
        "extensions": {
          "zone": "Asia/Tehran"
        }
      },
      "eventsFacts": [
        {
          "tag": "SEX",
          "value": "M"
        },
        {
          "tag": "DEAT",
          "value": "Y"
        }
      ],
      "extensions": {
        "kin": 1
      }
    },
    {
      "famc": [
        {
          "ref": "F10"
        }
      ],
      "fams": [
        {
          "ref": "F11"
        }
      ],
      "id": "I21",
      "names": [
        {
          "value": "کعلی //"
        }
      ],
      "chan": {
        "date": {
          "time": "12:46:56",
          "value": "14 APR 2025"
        },
        "extensions": {
          "zone": "Asia/Tehran"
        }
      },
      "extensions": {
        "kin": 2
      }
    },
    {
      "famc": [
        {
          "ref": "F11"
        }
      ],
      "id": "I22",
      "names": [
        {
          "value": "ابریم //"
        }
      ],
      "chan": {
        "date": {
          "time": "12:46:56",
          "value": "14 APR 2025"
        },
        "extensions": {
          "zone": "Asia/Tehran"
        }
      },
      "eventsFacts": [
        {
          "tag": "SEX",
          "value": "M"
        }
      ],
      "extensions": {
        "kin": 1
      }
    },
    {
      "famc": [
        {
          "ref": "F11"
        }
      ],
      "id": "I23",
      "names": [
        {
          "value": "حیدر //"
        }
      ],
      "chan": {
        "date": {
          "time": "12:48:39",
          "value": "14 APR 2025"
        },
        "extensions": {
          "zone": "Asia/Tehran"
        }
      },
      "eventsFacts": [
        {
          "tag": "SEX",
          "value": "M"
        },
        {
          "tag": "DEAT",
          "value": "Y"
        }
      ]
    },
    {
      "famc": [
        {
          "ref": "F12"
        }
      ],
      "fams": [
        {
          "ref": "F2"
        }
      ],
      "id": "I24",
      "names": [
        {
          "value": "سکینه /نصیحت کن/"
        }
      ],
      "chan": {
        "date": {
          "time": "12:50:13",
          "value": "14 APR 2025"
        },
        "extensions": {
          "zone": "Asia/Tehran"
        }
      },
      "eventsFacts": [
        {
          "tag": "SEX",
          "value": "F"
        },
        {
          "tag": "DEAT",
          "value": "Y"
        }
      ],
      "extensions": {
        "kin": 5
      }
    },
    {
      "famc": [
        {
          "ref": "F12"
        }
      ],
      "id": "I25",
      "names": [
        {
          "value": "عباس /نصیحت کن/"
        }
      ],
      "chan": {
        "date": {
          "time": "12:50:13",
          "value": "14 APR 2025"
        },
        "extensions": {
          "zone": "Asia/Tehran"
        }
      },
      "eventsFacts": [
        {
          "tag": "SEX",
          "value": "M"
        },
        {
          "tag": "DEAT",
          "value": "Y"
        }
      ]
    },
    {
      "famc": [
        {
          "ref": "F13"
        }
      ],
      "fams": [
        {
          "ref": "F12"
        }
      ],
      "id": "I26",
      "names": [
        {
          "value": "عبدالکریم //"
        }
      ],
      "chan": {
        "date": {
          "time": "12:53:32",
          "value": "14 APR 2025"
        },
        "extensions": {
          "zone": "Asia/Tehran"
        }
      },
      "eventsFacts": [
        {
          "tag": "SEX",
          "value": "M"
        },
        {
          "tag": "DEAT",
          "value": "Y"
        }
      ],
      "extensions": {
        "kin": 2
      }
    },
    {
      "famc": [
        {
          "ref": "F13"
        }
      ],
      "id": "I27",
      "names": [
        {
          "value": "ناصر //"
        }
      ],
      "chan": {
        "date": {
          "time": "12:53:32",
          "value": "14 APR 2025"
        },
        "extensions": {
          "zone": "Asia/Tehran"
        }
      },
      "eventsFacts": [
        {
          "tag": "SEX",
          "value": "M"
        },
        {
          "tag": "DEAT",
          "value": "Y"
        }
      ]
    },
    {
      "famc": [
        {
          "ref": "F14"
        }
      ],
      "fams": [
        {
          "ref": "F15"
        }
      ],
      "id": "I28",
      "names": [
        {
          "value": "کبری /نصیحت کن/"
        }
      ],
      "chan": {
        "date": {
          "time": "12:57:47",
          "value": "14 APR 2025"
        },
        "extensions": {
          "zone": "Asia/Tehran"
        }
      },
      "eventsFacts": [
        {
          "tag": "SEX",
          "value": "F"
        }
      ],
      "extensions": {
        "kin": 1
      }
    },
    {
      "famc": [
        {
          "ref": "F2"
        }
      ],
      "fams": [
        {
          "ref": "F16"
        }
      ],
      "id": "I29",
      "names": [
        {
          "value": "زبیده /حسینی نژاد/"
        }
      ],
      "chan": {
        "date": {
          "time": "13:24:05",
          "value": "14 APR 2025"
        },
        "extensions": {
          "zone": "Asia/Tehran"
        }
      },
      "eventsFacts": [
        {
          "tag": "SEX",
          "value": "F"
        }
      ],
      "extensions": {
        "kin": 9
      }
    },
    {
      "fams": [
        {
          "ref": "F16"
        }
      ],
      "id": "I30",
      "names": [
        {
          "value": "عباس /حیدری/"
        }
      ],
      "chan": {
        "date": {
          "time": "13:24:05",
          "value": "14 APR 2025"
        },
        "extensions": {
          "zone": "Asia/Tehran"
        }
      },
      "eventsFacts": [
        {
          "tag": "SEX",
          "value": "M"
        }
      ]
    },
    {
      "famc": [
        {
          "ref": "F16"
        }
      ],
      "id": "I31",
      "names": [
        {
          "value": "علی /حیدری/"
        }
      ],
      "chan": {
        "date": {
          "time": "13:24:21",
          "value": "14 APR 2025"
        },
        "extensions": {
          "zone": "Asia/Tehran"
        }
      },
      "eventsFacts": [
        {
          "tag": "SEX",
          "value": "M"
        }
      ]
    },
    {
      "famc": [
        {
          "ref": "F16"
        }
      ],
      "fams": [
        {
          "ref": "F17"
        }
      ],
      "id": "I32",
      "names": [
        {
          "value": "احمد /حیدری/"
        }
      ],
      "chan": {
        "date": {
          "time": "13:26:58",
          "value": "14 APR 2025"
        },
        "extensions": {
          "zone": "Asia/Tehran"
        }
      },
      "eventsFacts": [
        {
          "tag": "SEX",
          "value": "M"
        }
      ],
      "extensions": {
        "kin": 4
      }
    },
    {
      "famc": [
        {
          "ref": "F16"
        }
      ],
      "id": "I33",
      "names": [
        {
          "value": "مریم /حیدری/"
        }
      ],
      "chan": {
        "date": {
          "time": "13:24:57",
          "value": "14 APR 2025"
        },
        "extensions": {
          "zone": "Asia/Tehran"
        }
      },
      "eventsFacts": [
        {
          "tag": "SEX",
          "value": "F"
        }
      ]
    },
    {
      "famc": [
        {
          "ref": "F17"
        }
      ],
      "id": "I34",
      "names": [
        {
          "value": "عباس /حیدری/"
        }
      ],
      "chan": {
        "date": {
          "time": "13:26:58",
          "value": "14 APR 2025"
        },
        "extensions": {
          "zone": "Asia/Tehran"
        }
      },
      "eventsFacts": [
        {
          "tag": "SEX",
          "value": "M"
        }
      ]
    },
    {
      "famc": [
        {
          "ref": "F3"
        }
      ],
      "fams": [
        {
          "ref": "F19"
        }
      ],
      "id": "I35",
      "names": [
        {
          "value": "احمد /حسینی نژاد/"
        }
      ],
      "chan": {
        "date": {
          "time": "17:00:28",
          "value": "14 APR 2025"
        },
        "extensions": {
          "zone": "Asia/Tehran"
        }
      },
      "eventsFacts": [
        {
          "tag": "SEX",
          "value": "M"
        }
      ],
      "extensions": {
        "kin": 8
      }
    },
    {
      "famc": [
        {
          "ref": "F3"
        }
      ],
      "id": "I36",
      "names": [
        {
          "value": "محمود /حسینی نژاد/"
        }
      ],
      "chan": {
        "date": {
          "time": "16:59:23",
          "value": "14 APR 2025"
        },
        "extensions": {
          "zone": "Asia/Tehran"
        }
      },
      "eventsFacts": [
        {
          "tag": "SEX",
          "value": "M"
        },
        {
          "tag": "DEAT",
          "value": "Y"
        }
      ],
      "extensions": {
        "kin": 4
      }
    },
    {
      "famc": [
        {
          "ref": "F3"
        }
      ],
      "id": "I37",
      "names": [
        {
          "value": "محسن /حسینی نژاد/"
        }
      ],
      "chan": {
        "date": {
          "time": "16:59:33",
          "value": "14 APR 2025"
        },
        "extensions": {
          "zone": "Asia/Tehran"
        }
      },
      "eventsFacts": [
        {
          "tag": "SEX",
          "value": "M"
        }
      ],
      "extensions": {
        "kin": 5
      }
    },
    {
      "famc": [
        {
          "ref": "F3"
        }
      ],
      "fams": [
        {
          "ref": "F18"
        }
      ],
      "id": "I38",
      "names": [
        {
          "value": "صدیقه(فاطمه) /حسینی نژاد/"
        }
      ],
      "chan": {
        "date": {
          "time": "17:00:09",
          "value": "14 APR 2025"
        },
        "extensions": {
          "zone": "Asia/Tehran"
        }
      },
      "eventsFacts": [
        {
          "tag": "SEX",
          "value": "F"
        }
      ],
      "extensions": {
        "kin": 8
      }
    },
    {
      "famc": [
        {
          "ref": "F18"
        }
      ],
      "id": "I39",
      "names": [
        {
          "value": "یسنا /شبانکاره دشتی/"
        }
      ],
      "chan": {
        "date": {
          "time": "17:00:09",
          "value": "14 APR 2025"
        },
        "extensions": {
          "zone": "Asia/Tehran"
        }
      },
      "eventsFacts": [
        {
          "tag": "SEX",
          "value": "F"
        }
      ]
    },
    {
      "famc": [
        {
          "ref": "F19"
        }
      ],
      "id": "I40",
      "names": [
        {
          "value": "پریسا /حسینی نژاد/"
        }
      ],
      "chan": {
        "date": {
          "time": "17:00:28",
          "value": "14 APR 2025"
        },
        "extensions": {
          "zone": "Asia/Tehran"
        }
      },
      "eventsFacts": [
        {
          "tag": "SEX",
          "value": "F"
        }
      ]
    },
    {
      "famc": [
        {
          "ref": "F19"
        }
      ],
      "id": "I41",
      "names": [
        {
          "value": "پرستو /حسینی نژاد/"
        }
      ],
      "chan": {
        "date": {
          "time": "17:00:38",
          "value": "14 APR 2025"
        },
        "extensions": {
          "zone": "Asia/Tehran"
        }
      },
      "eventsFacts": [
        {
          "tag": "SEX",
          "value": "F"
        }
      ]
    },
    {
      "famc": [
        {
          "ref": "F2"
        }
      ],
      "fams": [
        {
          "ref": "F20"
        }
      ],
      "id": "I42",
      "names": [
        {
          "value": "فاطمه /حسینی نژاد/"
        }
      ],
      "chan": {
        "date": {
          "time": "17:01:38",
          "value": "14 APR 2025"
        },
        "extensions": {
          "zone": "Asia/Tehran"
        }
      },
      "eventsFacts": [
        {
          "tag": "SEX",
          "value": "F"
        }
      ],
      "extensions": {
        "kin": 7
      }
    },
    {
      "fams": [
        {
          "ref": "F20"
        }
      ],
      "id": "I43",
      "names": [
        {
          "value": "حسین /حیدری/"
        }
      ],
      "chan": {
        "date": {
          "time": "17:01:38",
          "value": "14 APR 2025"
        },
        "extensions": {
          "zone": "Asia/Tehran"
        }
      },
      "eventsFacts": [
        {
          "tag": "SEX",
          "value": "M"
        }
      ]
    },
    {
      "famc": [
        {
          "ref": "F20"
        }
      ],
      "id": "I44",
      "names": [
        {
          "value": "حمید /حیدری/"
        }
      ],
      "chan": {
        "date": {
          "time": "17:01:52",
          "value": "14 APR 2025"
        },
        "extensions": {
          "zone": "Asia/Tehran"
        }
      },
      "eventsFacts": [
        {
          "tag": "DEAT",
          "value": "Y"
        }
      ]
    },
    {
      "famc": [
        {
          "ref": "F15"
        }
      ],
      "id": "I45",
      "names": [
        {
          "value": "موسی /حسینی نژاد/"
        }
      ],
      "chan": {
        "date": {
          "time": "17:02:08",
          "value": "14 APR 2025"
        },
        "extensions": {
          "zone": "Asia/Tehran"
        }
      },
      "eventsFacts": [
        {
          "tag": "SEX",
          "value": "M"
        }
      ]
    },
    {
      "famc": [
        {
          "ref": "F24"
        }
      ],
      "fams": [
        {
          "ref": "F19"
        }
      ],
      "id": "I46",
      "names": [
        {
          "value": "فاطمه /سعیدی/"
        }
      ],
      "chan": {
        "date": {
          "time": "20:34:51",
          "value": "7 MAY 2025"
        },
        "extensions": {
          "zone": "Asia/Tehran"
        }
      },
      "eventsFacts": [
        {
          "tag": "SEX",
          "value": "F"
        }
      ],
      "extensions": {
        "kin": 5
      }
    },
    {
      "fams": [
        {
          "ref": "F9"
        }
      ],
      "id": "I47",
      "names": [
        {
          "value": "بهمیار /حسینی نژاد/"
        }
      ],
      "chan": {
        "date": {
          "time": "17:34:29",
          "value": "14 APR 2025"
        },
        "extensions": {
          "zone": "Asia/Tehran"
        }
      },
      "eventsFacts": [
        {
          "tag": "SEX",
          "value": "M"
        },
        {
          "tag": "DEAT",
          "value": "Y"
        }
      ]
    },
    {
      "fams": [
        {
          "ref": "F18"
        }
      ],
      "id": "I48",
      "names": [
        {
          "value": "داوود /شبانکاره دشتی/"
        }
      ],
      "chan": {
        "date": {
          "time": "19:46:31",
          "value": "14 APR 2025"
        },
        "extensions": {
          "zone": "Asia/Tehran"
        }
      },
      "eventsFacts": [
        {
          "tag": "SEX",
          "value": "M"
        }
      ]
    },
    {
      "famc": [
        {
          "ref": "F18"
        }
      ],
      "id": "I49",
      "names": [
        {
          "value": "یوسف /شبانکاره دشتی/"
        }
      ],
      "chan": {
        "date": {
          "time": "19:46:49",
          "value": "14 APR 2025"
        },
        "extensions": {
          "zone": "Asia/Tehran"
        }
      },
      "eventsFacts": [
        {
          "tag": "SEX",
          "value": "M"
        }
      ]
    },
    {
      "famc": [
        {
          "ref": "F21"
        }
      ],
      "fams": [
        {
          "ref": "F3"
        }
      ],
      "id": "I50",
      "names": [
        {
          "value": "گوهر /شبانکاره دشتی/"
        }
      ],
      "chan": {
        "date": {
          "time": "19:47:47",
          "value": "14 APR 2025"
        },
        "extensions": {
          "zone": "Asia/Tehran"
        }
      },
      "eventsFacts": [
        {
          "tag": "SEX",
          "value": "F"
        }
      ],
      "extensions": {
        "kin": 8
      }
    },
    {
      "famc": [
        {
          "ref": "F21"
        }
      ],
      "id": "I51",
      "names": [
        {
          "value": "حاج عبدالعلی /شبانکاره دشتی/"
        }
      ],
      "chan": {
        "date": {
          "time": "19:47:47",
          "value": "14 APR 2025"
        },
        "extensions": {
          "zone": "Asia/Tehran"
        }
      },
      "eventsFacts": [
        {
          "tag": "SEX",
          "value": "M"
        }
      ],
      "extensions": {
        "kin": 3
      }
    },
    {
      "fams": [
        {
          "ref": "F21"
        }
      ],
      "id": "I52",
      "names": [
        {
          "value": "بی بی //"
        }
      ],
      "chan": {
        "date": {
          "time": "19:48:11",
          "value": "14 APR 2025"
        },
        "extensions": {
          "zone": "Asia/Tehran"
        }
      },
      "eventsFacts": [
        {
          "tag": "SEX",
          "value": "F"
        },
        {
          "tag": "DEAT",
          "value": "Y"
        }
      ],
      "extensions": {
        "kin": 2
      }
    },
    {
      "famc": [
        {
          "ref": "F22"
        }
      ],
      "fams": [
        {
          "ref": "F21"
        }
      ],
      "id": "I53",
      "names": [
        {
          "value": "جمال /شبانکاره دشتی/"
        }
      ],
      "chan": {
        "date": {
          "time": "19:50:12",
          "value": "14 APR 2025"
        },
        "extensions": {
          "zone": "Asia/Tehran"
        }
      },
      "eventsFacts": [
        {
          "tag": "SEX",
          "value": "M"
        },
        {
          "tag": "DEAT",
          "value": "Y"
        }
      ],
      "extensions": {
        "kin": 7
      }
    },
    {
      "famc": [
        {
          "ref": "F21"
        }
      ],
      "id": "I55",
      "names": [
        {
          "value": "مدینه ( دی علی ) /شبانکاره دشتی/"
        }
      ],
      "chan": {
        "date": {
          "time": "19:49:19",
          "value": "14 APR 2025"
        },
        "extensions": {
          "zone": "Asia/Tehran"
        }
      },
      "eventsFacts": [
        {
          "tag": "SEX",
          "value": "F"
        }
      ],
      "extensions": {
        "kin": 5
      }
    },
    {
      "famc": [
        {
          "ref": "F21"
        }
      ],
      "id": "I56",
      "names": [
        {
          "value": "صفیه /شبانکاره دشتی/"
        }
      ],
      "chan": {
        "date": {
          "time": "19:49:34",
          "value": "14 APR 2025"
        },
        "extensions": {
          "zone": "Asia/Tehran"
        }
      },
      "eventsFacts": [
        {
          "tag": "SEX",
          "value": "F"
        }
      ],
      "extensions": {
        "kin": 6
      }
    },
    {
      "famc": [
        {
          "ref": "F21"
        }
      ],
      "id": "I57",
      "names": [
        {
          "value": "عبدالله /شبانکاره دشتی/"
        }
      ],
      "chan": {
        "date": {
          "time": "19:49:46",
          "value": "14 APR 2025"
        },
        "extensions": {
          "zone": "Asia/Tehran"
        }
      },
      "eventsFacts": [
        {
          "tag": "SEX",
          "value": "M"
        }
      ]
    },
    {
      "famc": [
        {
          "ref": "F22"
        }
      ],
      "id": "I58",
      "names": [
        {
          "value": "غلامحسین /شبانکاره دشتی/"
        }
      ],
      "chan": {
        "date": {
          "time": "19:50:12",
          "value": "14 APR 2025"
        },
        "extensions": {
          "zone": "Asia/Tehran"
        }
      },
      "eventsFacts": [
        {
          "tag": "SEX",
          "value": "M"
        },
        {
          "tag": "DEAT",
          "value": "Y"
        }
      ],
      "extensions": {
        "kin": 2
      }
    },
    {
      "famc": [
        {
          "ref": "F22"
        }
      ],
      "id": "I59",
      "names": [
        {
          "value": "باقر /شبانکاره دشتی/"
        }
      ],
      "chan": {
        "date": {
          "time": "19:50:25",
          "value": "14 APR 2025"
        },
        "extensions": {
          "zone": "Asia/Tehran"
        }
      },
      "eventsFacts": [
        {
          "tag": "SEX",
          "value": "M"
        },
        {
          "tag": "DEAT",
          "value": "Y"
        }
      ]
    },
    {
      "famc": [
        {
          "ref": "F23"
        }
      ],
      "fams": [
        {
          "ref": "F22"
        }
      ],
      "id": "I60",
      "names": [
        {
          "value": "علی //"
        }
      ],
      "chan": {
        "date": {
          "time": "19:50:58",
          "value": "14 APR 2025"
        },
        "extensions": {
          "zone": "Asia/Tehran"
        }
      },
      "eventsFacts": [
        {
          "tag": "SEX",
          "value": "M"
        },
        {
          "tag": "DEAT",
          "value": "Y"
        }
      ],
      "extensions": {
        "kin": 3
      }
    },
    {
      "fams": [
        {
          "ref": "F23"
        }
      ],
      "id": "I61",
      "names": [
        {
          "value": "جمال //"
        }
      ],
      "chan": {
        "date": {
          "time": "19:50:58",
          "value": "14 APR 2025"
        },
        "extensions": {
          "zone": "Asia/Tehran"
        }
      },
      "eventsFacts": [
        {
          "tag": "SEX",
          "value": "M"
        },
        {
          "tag": "DEAT",
          "value": "Y"
        }
      ]
    },
    {
      "famc": [
        {
          "ref": "F24"
        }
      ],
      "id": "I62",
      "names": [
        {
          "value": "مرضیه /سعیدی/"
        }
      ],
      "chan": {
        "date": {
          "time": "20:34:51",
          "value": "7 MAY 2025"
        },
        "extensions": {
          "zone": "Asia/Tehran"
        }
      },
      "eventsFacts": [
        {
          "tag": "SEX",
          "value": "F"
        }
      ]
    },
    {
      "famc": [
        {
          "ref": "F21"
        }
      ],
      "fams": [
        {
          "ref": "F24"
        }
      ],
      "id": "I63",
      "names": [
        {
          "value": "خدیجه /شبانکاره/"
        }
      ],
      "chan": {
        "date": {
          "time": "20:38:01",
          "value": "7 MAY 2025"
        },
        "extensions": {
          "zone": "Asia/Tehran"
        }
      },
      "eventsFacts": [
        {
          "tag": "SEX",
          "value": "F"
        }
      ],
      "extensions": {
        "kin": 3
      }
    },
    {
      "fams": [
        {
          "ref": "F24"
        }
      ],
      "id": "I64",
      "names": [
        {
          "value": "ماشالله /سعیدی/"
        }
      ],
      "chan": {
        "date": {
          "time": "20:36:30",
          "value": "7 MAY 2025"
        },
        "extensions": {
          "zone": "Asia/Tehran"
        }
      },
      "eventsFacts": [
        {
          "tag": "SEX",
          "value": "M"
        },
        {
          "place": "بوشهر",
          "tag": "DEAT"
        }
      ],
      "extensions": {
        "kin": 3
      }
    },
    {
      "famc": [
        {
          "ref": "F25"
        }
      ],
      "id": "I65",
      "names": [
        {
          "value": "مهری /جوادی/"
        }
      ],
      "chan": {
        "date": {
          "time": "23:14:09",
          "value": "10 MAY 2025"
        },
        "extensions": {
          "zone": "Asia/Tehran"
        }
      },
      "eventsFacts": [
        {
          "tag": "SEX",
          "value": "F"
        }
      ]
    },
    {
      "famc": [
        {
          "ref": "F25"
        }
      ],
      "id": "I66",
      "names": [
        {
          "value": "جواد /جوادی/"
        }
      ],
      "chan": {
        "date": {
          "time": "23:14:33",
          "value": "10 MAY 2025"
        },
        "extensions": {
          "zone": "Asia/Tehran"
        }
      },
      "eventsFacts": [
        {
          "tag": "SEX",
          "value": "M"
        }
      ]
    },
    {
      "fams": [
        {
          "ref": "F25"
        }
      ],
      "id": "I67",
      "names": [
        {
          "value": "رحمت الله /جوادی/"
        }
      ],
      "chan": {
        "date": {
          "time": "23:33:32",
          "value": "10 MAY 2025"
        },
        "extensions": {
          "zone": "Asia/Tehran"
        }
      },
      "eventsFacts": [
        {
          "tag": "SEX",
          "value": "M"
        },
        {
          "tag": "DEAT",
          "value": "Y"
        }
      ]
    },
    {
      "fams": [
        {
          "ref": "F25"
        }
      ],
      "id": "I68",
      "names": [
        {
          "value": "اکرم /ابراهیمی/"
        }
      ],
      "chan": {
        "date": {
          "time": "23:41:51",
          "value": "10 MAY 2025"
        },
        "extensions": {
          "zone": "Asia/Tehran"
        }
      },
      "eventsFacts": [
        {
          "tag": "DEAT",
          "value": "Y"
        }
      ]
    },
    {
      "famc": [
        {
          "ref": "F25"
        }
      ],
      "id": "I69",
      "names": [
        {
          "value": "محمد /جوادی/"
        }
      ],
      "chan": {
        "date": {
          "time": "01:00:13",
          "value": "11 MAY 2025"
        },
        "extensions": {
          "zone": "Asia/Tehran"
        }
      },
      "eventsFacts": [
        {
          "tag": "SEX",
          "value": "M"
        }
      ]
    },
    {
      "fams": [
        {
          "ref": "F10"
        }
      ],
      "id": "I70",
      "names": [
        {
          "value": "Xxxx /Yyy/"
        }
      ],
      "chan": {
        "date": {
          "time": "01:00:59",
          "value": "11 MAY 2025"
        },
        "extensions": {
          "zone": "Asia/Tehran"
        }
      },
      "eventsFacts": [
        {
          "tag": "DEAT",
          "value": "Y"
        }
      ]
    }
  ]
}