{
  "families": [
    {
      "husbandRefs": [
        {
          "ref": "I1"
        },
        {
          "ref": "I2"
        }
      ],
      "id": "F1",
      "chan": {
        "date": {
          "time": "18:39:04",
          "value": "24 NOV 2024"
        },
        "extensions": {
          "zone": "Asia/Tehran"
        }
      }
    }
  ],
  "head": {
    "charset": {
      "value": "UTF-8"
    },
    "date": {
      "time": "18:39:04",
      "value": "24 NOV 2024"
    },
    "file": "1.json",
    "gedc": {
      "form": "LINEAGE-LINKED",
      "vers": "5.5.1"
    },
    "lang": "Persian",
    "sour": {
      "name": "Family Gem",
      "value": "FAMILY_GEM",
      "vers": "0.8"
    }
  },
  "people": [
    {
      "fams": [
        {
          "ref": "F1"
        }
      ],
      "id": "I1",
      "names": [
        {
          "value": "حسن /حسینی نژاد/"
        }
      ],
      "chan": {
        "date": {
          "time": "18:39:04",
          "value": "24 NOV 2024"
        },
        "extensions": {
          "zone": "Asia/Tehran"
        }
      },
      "eventsFacts": [
        {
          "tag": "SEX",
          "value": "M"
        }
      ],
      "extensions": {
        "kin": 0
      }
    },
    {
      "fams": [
        {
          "ref": "F1"
        }
      ],
      "id": "I2",
      "names": [
        {
          "value": "زهرا //"
        }
      ],
      "chan": {
        "date": {
          "time": "18:39:04",
          "value": "24 NOV 2024"
        },
        "extensions": {
          "zone": "Asia/Tehran"
        }
      }
    }
  ]
}