{
  "families": [
    {
      "childRefs": [
        {
          "ref": "I2"
        },
        {
          "ref": "I5"
        }
      ],
      "husbandRefs": [
        {
          "ref": "I1"
        }
      ],
      "id": "F1",
      "chan": {
        "date": {
          "time": "18:25:15",
          "value": "24 NOV 2024"
        },
        "extensions": {
          "zone": "Asia/Tehran"
        }
      }
    },
    {
      "husbandRefs": [
        {
          "ref": "I2"
        },
        {
          "ref": "I3"
        }
      ],
      "id": "F2",
      "chan": {
        "date": {
          "time": "17:55:07",
          "value": "24 NOV 2024"
        },
        "extensions": {
          "zone": "Asia/Tehran"
        }
      }
    },
    {
      "childRefs": [
        {
          "ref": "I3"
        }
      ],
      "husbandRefs": [
        {
          "ref": "I4"
        }
      ],
      "id": "F3",
      "chan": {
        "date": {
          "time": "18:21:37",
          "value": "24 NOV 2024"
        },
        "extensions": {
          "zone": "Asia/Tehran"
        }
      }
    },
    {
      "childRefs": [
        {
          "ref": "I6"
        }
      ],
      "husbandRefs": [
        {
          "ref": "I5"
        }
      ],
      "id": "F4",
      "chan": {
        "date": {
          "time": "18:28:37",
          "value": "24 NOV 2024"
        },
        "extensions": {
          "zone": "Asia/Tehran"
        }
      }
    },
    {
      "childRefs": [
        {
          "ref": "I7"
        }
      ],
      "husbandRefs": [
        {
          "ref": "I6"
        }
      ],
      "id": "F5",
      "chan": {
        "date": {
          "time": "18:30:08",
          "value": "24 NOV 2024"
        },
        "extensions": {
          "zone": "Asia/Tehran"
        }
      }
    }
  ],
  "head": {
    "charset": {
      "value": "UTF-8"
    },
    "date": {
      "time": "18:30:08",
      "value": "24 NOV 2024"
    },
    "file": "1.json",
    "gedc": {
      "form": "LINEAGE-LINKED",
      "vers": "5.5.1"
    },
    "lang": "English",
    "sour": {
      "name": "Family Gem",
      "value": "FAMILY_GEM",
      "vers": "0.8"
    }
  },
  "people": [
    {
      "fams": [
        {
          "ref": "F1"
        }
      ],
      "id": "I1",
      "names": [
        {
          "value": "احمد /رضایی/"
        }
      ],
      "chan": {
        "date": {
          "time": "17:51:46",
          "value": "24 NOV 2024"
        },
        "extensions": {
          "zone": "Asia/Tehran"
        }
      },
      "extensions": {
        "kin": 2
      }
    },
    {
      "famc": [
        {
          "ref": "F1"
        }
      ],
      "fams": [
        {
          "ref": "F2"
        }
      ],
      "id": "I2",
      "names": [
        {
          "value": "محمد //"
        }
      ],
      "chan": {
        "date": {
          "time": "17:55:07",
          "value": "24 NOV 2024"
        },
        "extensions": {
          "zone": "Asia/Tehran"
        }
      },
      "extensions": {
        "kin": 3
      }
    },
    {
      "famc": [
        {
          "ref": "F3"
        }
      ],
      "fams": [
        {
          "ref": "F2"
        }
      ],
      "id": "I3",
      "names": [
        {
          "value": "زهرا //"
        }
      ],
      "chan": {
        "date": {
          "time": "18:21:37",
          "value": "24 NOV 2024"
        },
        "extensions": {
          "zone": "Asia/Tehran"
        }
      },
      "extensions": {
        "kin": 2
      }
    },
    {
      "fams": [
        {
          "ref": "F3"
        }
      ],
      "id": "I4",
      "names": [
        {
          "value": "حسین //"
        }
      ],
      "chan": {
        "date": {
          "time": "18:21:37",
          "value": "24 NOV 2024"
        },
        "extensions": {
          "zone": "Asia/Tehran"
        }
      }
    },
    {
      "famc": [
        {
          "ref": "F1"
        }
      ],
      "fams": [
        {
          "ref": "F4"
        }
      ],
      "id": "I5",
      "names": [
        {
          "value": "حسین /رضایی/"
        }
      ],
      "chan": {
        "date": {
          "time": "18:28:37",
          "value": "24 NOV 2024"
        },
        "extensions": {
          "zone": "Asia/Tehran"
        }
      },
      "extensions": {
        "kin": 2
      }
    },
    {
      "famc": [
        {
          "ref": "F4"
        }
      ],
      "fams": [
        {
          "ref": "F5"
        }
      ],
      "id": "I6",
      "names": [
        {
          "value": "Sdfsdf //"
        }
      ],
      "chan": {
        "date": {
          "time": "18:30:08",
          "value": "24 NOV 2024"
        },
        "extensions": {
          "zone": "Asia/Tehran"
        }
      },
      "extensions": {
        "kin": 1
      }
    },
    {
      "famc": [
        {
          "ref": "F5"
        }
      ],
      "id": "I7",
      "names": [
        {
          "value": "الببی //"
        }
      ],
      "chan": {
        "date": {
          "time": "18:30:08",
          "value": "24 NOV 2024"
        },
        "extensions": {
          "zone": "Asia/Tehran"
        }
      }
    }
  ]
}