{
  "families": [
    {
      "childRefs": [
        {
          "ref": "I2"
        },
        {
          "ref": "I3"
        }
      ],
      "husbandRefs": [
        {
          "ref": "I1"
        }
      ],
      "id": "F1",
      "wifeRefs": [
        {
          "ref": "I4"
        }
      ],
      "chan": {
        "date": {
          "time": "13:47:01",
          "value": "6 MAY 2025"
        },
        "extensions": {
          "zone": "Asia/Tehran"
        }
      }
    }
  ],
  "head": {
    "charset": {
      "value": "UTF-8"
    },
    "date": {
      "time": "15:06:39",
      "value": "6 MAY 2025"
    },
    "file": "1.json",
    "gedc": {
      "form": "LINEAGE-LINKED",
      "vers": "5.5.1"
    },
    "lang": "English",
    "sour": {
      "name": "Family Gem",
      "value": "FAMILY_GEM",
      "vers": "0.8"
    }
  },
  "people": [
    {
      "fams": [
        {
          "ref": "F1"
        }
      ],
      "id": "I1",
      "names": [
        {
          "value": "علی /حسینی نژاد/"
        }
      ],
      "chan": {
        "date": {
          "time": "15:06:39",
          "value": "6 MAY 2025"
        },
        "extensions": {
          "zone": "Asia/Tehran"
        }
      },
      "eventsFacts": [
        {
          "tag": "SEX",
          "value": "M"
        }
      ],
      "media": [
        {
          "_file": "/storage/emulated/0/Android/media/com.whatsapp/WhatsApp/Media/WhatsApp Images/IMG-20250417-WA0043.jpg",
          "fileTag": "FILE"
        }
      ],
      "extensions": {
        "kin": 2
      }
    },
    {
      "famc": [
        {
          "ref": "F1"
        }
      ],
      "id": "I2",
      "names": [
        {
          "value": "بهاره /حسینی نژاد/"
        }
      ],
      "chan": {
        "date": {
          "time": "13:46:20",
          "value": "6 MAY 2025"
        },
        "extensions": {
          "zone": "Asia/Tehran"
        }
      },
      "eventsFacts": [
        {
          "tag": "SEX",
          "value": "F"
        }
      ]
    },
    {
      "famc": [
        {
          "ref": "F1"
        }
      ],
      "id": "I3",
      "names": [
        {
          "value": "بهداد /حسینی نژاد/"
        }
      ],
      "chan": {
        "date": {
          "time": "13:46:45",
          "value": "6 MAY 2025"
        },
        "extensions": {
          "zone": "Asia/Tehran"
        }
      },
      "eventsFacts": [
        {
          "tag": "SEX",
          "value": "M"
        }
      ]
    },
    {
      "fams": [
        {
          "ref": "F1"
        }
      ],
      "id": "I4",
      "names": [
        {
          "value": "مژگان /جوادی/"
        }
      ],
      "chan": {
        "date": {
          "time": "13:47:01",
          "value": "6 MAY 2025"
        },
        "extensions": {
          "zone": "Asia/Tehran"
        }
      },
      "eventsFacts": [
        {
          "tag": "SEX",
          "value": "F"
        }
      ]
    }
  ]
}