{
  "families": [
    {
      "childRefs": [
        {
          "ref": "I2"
        }
      ],
      "husbandRefs": [
        {
          "ref": "I1"
        }
      ],
      "id": "F1",
      "chan": {
        "date": {
          "time": "17:06:25",
          "value": "24 NOV 2024"
        },
        "extensions": {
          "zone": "Asia/Tehran"
        }
      }
    }
  ],
  "head": {
    "charset": {
      "value": "UTF-8"
    },
    "date": {
      "time": "17:06:25",
      "value": "24 NOV 2024"
    },
    "file": "1.json",
    "gedc": {
      "form": "LINEAGE-LINKED",
      "vers": "5.5.1"
    },
    "lang": "English",
    "sour": {
      "name": "Family Gem",
      "value": "FAMILY_GEM",
      "vers": "0.8"
    }
  },
  "people": [
    {
      "fams": [
        {
          "ref": "F1"
        }
      ],
      "id": "I1",
      "names": [
        {
          "value": "احمد /رضایی/"
        }
      ],
      "chan": {
        "date": {
          "time": "17:06:25",
          "value": "24 NOV 2024"
        },
        "extensions": {
          "zone": "Asia/Tehran"
        }
      },
      "extensions": {
        "kin": 0
      }
    },
    {
      "famc": [
        {
          "ref": "F1"
        }
      ],
      "id": "I2",
      "names": [
        {
          "value": "محمد //"
        }
      ],
      "chan": {
        "date": {
          "time": "17:06:25",
          "value": "24 NOV 2024"
        },
        "extensions": {
          "zone": "Asia/Tehran"
        }
      }
    }
  ]
}