{
  "head": {
    "charset": {
      "value": "UTF-8"
    },
    "date": {
      "time": "17:01:33",
      "value": "24 NOV 2024"
    },
    "file": "1.json",
    "gedc": {
      "form": "LINEAGE-LINKED",
      "vers": "5.5.1"
    },
    "lang": "English",
    "sour": {
      "name": "Family Gem",
      "value": "FAMILY_GEM",
      "vers": "0.8"
    }
  },
  "people": [
    {
      "id": "I1",
      "names": [
        {
          "value": "احمد /رضایی/"
        }
      ],
      "chan": {
        "date": {
          "time": "17:01:33",
          "value": "24 NOV 2024"
        },
        "extensions": {
          "zone": "Asia/Tehran"
        }
      }
    }
  ]
}