{
  "families": [
    {
      "childRefs": [
        {
          "ref": "I2"
        },
        {
          "ref": "I4"
        },
        {
          "ref": "I5"
        }
      ],
      "husbandRefs": [
        {
          "ref": "I1"
        },
        {
          "ref": "I3"
        }
      ],
      "id": "F1",
      "chan": {
        "date": {
          "time": "11:16:51",
          "value": "15 SEP 2024"
        },
        "extensions": {
          "zone": "Asia/Tehran"
        }
      }
    }
  ],
  "head": {
    "charset": {
      "value": "UTF-8"
    },
    "date": {
      "time": "11:16:51",
      "value": "15 SEP 2024"
    },
    "file": "2.json",
    "gedc": {
      "form": "LINEAGE-LINKED",
      "vers": "5.5.1"
    },
    "lang": "English",
    "sour": {
      "name": "Family Gem",
      "value": "FAMILY_GEM",
      "vers": "0.8"
    }
  },
  "people": [
    {
      "fams": [
        {
          "ref": "F1"
        }
      ],
      "id": "I1",
      "names": [
        {
          "value": "احمد /احمد رضایی/"
        }
      ],
      "chan": {
        "date": {
          "time": "11:15:50",
          "value": "15 SEP 2024"
        },
        "extensions": {
          "zone": "Asia/Tehran"
        }
      },
      "extensions": {
        "kin": 4
      }
    },
    {
      "famc": [
        {
          "ref": "F1"
        }
      ],
      "id": "I2",
      "names": [
        {
          "value": "رضا /رضایی/"
        }
      ],
      "chan": {
        "date": {
          "time": "11:15:50",
          "value": "15 SEP 2024"
        },
        "extensions": {
          "zone": "Asia/Tehran"
        }
      }
    },
    {
      "fams": [
        {
          "ref": "F1"
        }
      ],
      "id": "I3",
      "names": [
        {
          "value": "نرگس /شرف ابادی/"
        }
      ],
      "chan": {
        "date": {
          "time": "11:16:11",
          "value": "15 SEP 2024"
        },
        "extensions": {
          "zone": "Asia/Tehran"
        }
      }
    },
    {
      "famc": [
        {
          "ref": "F1"
        }
      ],
      "id": "I4",
      "names": [
        {
          "value": "محمد / رضایی/"
        }
      ],
      "chan": {
        "date": {
          "time": "11:16:28",
          "value": "15 SEP 2024"
        },
        "extensions": {
          "zone": "Asia/Tehran"
        }
      }
    },
    {
      "famc": [
        {
          "ref": "F1"
        }
      ],
      "id": "I5",
      "names": [
        {
          "value": "سعید / رضایی/"
        }
      ],
      "chan": {
        "date": {
          "time": "11:16:51",
          "value": "15 SEP 2024"
        },
        "extensions": {
          "zone": "Asia/Tehran"
        }
      }
    }
  ]
}