{
  "head": {
    "charset": {
      "value": "UTF-8"
    },
    "date": {
      "time": "10:27:56",
      "value": "14 SEP 2024"
    },
    "file": "2.json",
    "gedc": {
      "form": "LINEAGE-LINKED",
      "vers": "5.5.1"
    },
    "lang": "English",
    "sour": {
      "name": "Family Gem",
      "value": "FAMILY_GEM",
      "vers": "0.8"
    }
  },
  "people": [
    {
      "id": "I1",
      "names": [
        {
          "value": "احمد /رضایی/"
        }
      ],
      "chan": {
        "date": {
          "time": "10:27:56",
          "value": "14 SEP 2024"
        },
        "extensions": {
          "zone": "Asia/Tehran"
        }
      },
      "eventsFacts": [
        {
          "tag": "SEX",
          "value": "M"
        }
      ]
    }
  ]
}