{
  "head": {
    "charset": {
      "value": "UTF-8"
    },
    "date": {
      "time": "12:23:01",
      "value": "22 OCT 2024"
    },
    "file": "1.json",
    "gedc": {
      "form": "LINEAGE-LINKED",
      "vers": "5.5.1"
    },
    "lang": "English",
    "sour": {
      "name": "Family Gem",
      "value": "FAMILY_GEM",
      "vers": "0.8"
    }
  },
  "people": [
    {
      "id": "I1",
      "names": [
        {
          "value": "ااا //"
        }
      ],
      "chan": {
        "date": {
          "time": "12:23:01",
          "value": "22 OCT 2024"
        },
        "extensions": {
          "zone": "Asia/Tehran"
        }
      },
      "media": [
        {
          "_file": "/storage/emulated/0/Android/data/app.familygem/files/1/image.jpg",
          "fileTag": "FILE"
        }
      ]
    }
  ]
}